商品序号,商品ID,艺术家,作品名,artwork_lookup_key,original_reference,scene_1_reference,scene_1_qa_status,scene_1_qa_reason,scene_2_reference,scene_2_qa_status,scene_2_qa_reason,product_qa_status,qa_evidence_path,original_reference_local_path,scene_1_local_path,scene_2_local_path,failure_evidence_path
1,6a2ebfbfb814030015b18785,刘韵,瓶中紫韵,刘韵-瓶中紫韵,LOCAL_SOURCE:official_01.jpg|LOOKUP:刘韵-瓶中紫韵,OFFICIAL:official_02.jpg,QA_PASS,原图与场景作品区域匹配并已生成透视校正裁片；逐项检查未见明确缺边、内容替换、装裱冲突或明显比例失真,OFFICIAL:official_03.jpg,QA_PASS,原图与场景作品区域匹配并已生成透视校正裁片；逐项检查未见明确缺边、内容替换、装裱冲突或明显比例失真,QA_PASS,previews/qa_batches/P001_瓶中紫韵_QA.jpg,C:\Users\Administrator\Documents\Codex\2026-06-23\shoppingpush\outputs\xiaohongshu_scene_rebuild_20260821\official_candidates\batches_001_002\001\official_01.jpg,C:\Users\Administrator\Documents\Codex\2026-06-23\shoppingpush\outputs\xiaohongshu_scene_rebuild_20260821\official_candidates\batches_001_002\001\official_02.jpg,C:\Users\Administrator\Documents\Codex\2026-06-23\shoppingpush\outputs\xiaohongshu_scene_rebuild_20260821\official_candidates\batches_001_002\001\official_03.jpg,
3,6a1951d25988900001c7d79e,刘韵,春野织梦,刘韵-春野织梦,LOCAL_SOURCE:003_row5_春野织梦.jpeg|LOOKUP:刘韵-春野织梦,EXISTING_PRODUCT:image_02.jpg,QA_PASS,原图与场景作品区域已生成透视校正裁片；逐项检查边缘、主体、主要色块、装裱和透视，未见明确不一致,EXISTING_PRODUCT:image_03.jpg,QA_PASS,原图与场景作品区域已生成透视校正裁片；逐项检查边缘、主体、主要色块、装裱和透视，未见明确不一致,QA_PASS,previews/qa_batches/P003_春野织梦_QA.jpg,C:\Users\Administrator\Documents\Codex\2026-06-23\shoppingpush\outputs\xiaohongshu_scene_rebuild_20260821\source_excel\003_row5_春野织梦.jpeg,C:\Users\Administrator\Documents\Codex\2026-06-23\shoppingpush\outputs\xiaohongshu_scene_rebuild_20260821\live_current\images\003_6a1951d25988900001c7d79e\image_02.jpg,C:\Users\Administrator\Documents\Codex\2026-06-23\shoppingpush\outputs\xiaohongshu_scene_rebuild_20260821\live_current\images\003_6a1951d25988900001c7d79e\image_03.jpg,
4,6a1953ad9ca7220001242dcc,刘韵,风入蓝,刘韵-风入蓝,LOCAL_SOURCE:004_row6_风入蓝.jpeg|LOOKUP:刘韵-风入蓝,EXISTING_PRODUCT:image_02.jpg,QA_NEEDS_MANUAL,匹配框覆盖墙面而非真实作品四角；虽能看到作品，当前证据不能逐边完成透视校正,EXISTING_PRODUCT:image_03.jpg,QA_NEEDS_MANUAL,匹配框覆盖木墙/背景而非真实作品四角；虽能看到作品，当前证据不能逐边完成透视校正,QA_NEEDS_MANUAL,previews/qa_batches/P004_风入蓝_QA.jpg,C:\Users\Administrator\Documents\Codex\2026-06-23\shoppingpush\outputs\xiaohongshu_scene_rebuild_20260821\source_excel\004_row6_风入蓝.jpeg,C:\Users\Administrator\Documents\Codex\2026-06-23\shoppingpush\outputs\xiaohongshu_scene_rebuild_20260821\live_current\images\004_6a1953ad9ca7220001242dcc\image_02.jpg,C:\Users\Administrator\Documents\Codex\2026-06-23\shoppingpush\outputs\xiaohongshu_scene_rebuild_20260821\live_current\images\004_6a1953ad9ca7220001242dcc\image_03.jpg,previews/qa_failures/P004_风入蓝_QA.jpg
5,6a19551c9ca7220001246c91,刘韵,紫韵,刘韵-紫韵,LOCAL_SOURCE:005_row7_紫韵.png|LOOKUP:刘韵-紫韵,EXISTING_PRODUCT:image_02.jpg,QA_PASS,原图与场景作品区域已生成透视校正裁片；逐项检查边缘、主体、主要色块、装裱和透视，未见明确不一致,EXISTING_PRODUCT:image_03.jpg,QA_PASS,原图与场景作品区域已生成透视校正裁片；逐项检查边缘、主体、主要色块、装裱和透视，未见明确不一致,QA_PASS,previews/qa_batches/P005_紫韵_QA.jpg,C:\Users\Administrator\Documents\Codex\2026-06-23\shoppingpush\outputs\xiaohongshu_scene_rebuild_20260821\source_excel\005_row7_紫韵.png,C:\Users\Administrator\Documents\Codex\2026-06-23\shoppingpush\outputs\xiaohongshu_scene_rebuild_20260821\live_current\images\005_6a19551c9ca7220001246c91\image_02.jpg,C:\Users\Administrator\Documents\Codex\2026-06-23\shoppingpush\outputs\xiaohongshu_scene_rebuild_20260821\live_current\images\005_6a19551c9ca7220001246c91\image_03.jpg,
6,6a195987b6178b0001aa35dd,山也听风,归途,山也听风-归途,LOCAL_SOURCE:006_row8_归途.png|LOOKUP:山也听风-归途,EXISTING_PRODUCT:image_02.jpg,QA_PASS,原图与场景作品区域已生成透视校正裁片；逐项检查边缘、主体、主要色块、装裱和透视，未见明确不一致,EXISTING_PRODUCT:image_03.jpg,QA_PASS,原图与场景作品区域已生成透视校正裁片；逐项检查边缘、主体、主要色块、装裱和透视，未见明确不一致,QA_PASS,previews/qa_batches/P006_归途_QA.jpg,C:\Users\Administrator\Documents\Codex\2026-06-23\shoppingpush\outputs\xiaohongshu_scene_rebuild_20260821\source_excel\006_row8_归途.png,C:\Users\Administrator\Documents\Codex\2026-06-23\shoppingpush\outputs\xiaohongshu_scene_rebuild_20260821\live_current\images\006_6a195987b6178b0001aa35dd\image_02.jpg,C:\Users\Administrator\Documents\Codex\2026-06-23\shoppingpush\outputs\xiaohongshu_scene_rebuild_20260821\live_current\images\006_6a195987b6178b0001aa35dd\image_03.jpg,
7,6a195a38c409510001f0b75c,山也听风,云来山更佳,山也听风-云来山更佳,LOCAL_SOURCE:007_row9_云来山更佳.png|LOOKUP:山也听风-云来山更佳,EXISTING_PRODUCT:image_02.jpg,QA_PASS,原图与场景作品区域已生成透视校正裁片；逐项检查边缘、主体、主要色块、装裱和透视，未见明确不一致,EXISTING_PRODUCT:image_03.jpg,QA_PASS,原图与场景作品区域已生成透视校正裁片；逐项检查边缘、主体、主要色块、装裱和透视，未见明确不一致,QA_PASS,previews/qa_batches/P007_云来山更佳_QA.jpg,C:\Users\Administrator\Documents\Codex\2026-06-23\shoppingpush\outputs\xiaohongshu_scene_rebuild_20260821\source_excel\007_row9_云来山更佳.png,C:\Users\Administrator\Documents\Codex\2026-06-23\shoppingpush\outputs\xiaohongshu_scene_rebuild_20260821\live_current\images\007_6a195a38c409510001f0b75c\image_02.jpg,C:\Users\Administrator\Documents\Codex\2026-06-23\shoppingpush\outputs\xiaohongshu_scene_rebuild_20260821\live_current\images\007_6a195a38c409510001f0b75c\image_03.jpg,
8,6a2835f1b8140300157d60af,刘乐,湖畔度假的一天,刘乐-湖畔度假的一天,LOCAL_SOURCE:008_row10_湖畔度假的一天.png|LOOKUP:刘乐-湖畔度假的一天,EXISTING_PRODUCT:image_02.jpg,QA_PASS,原图与场景作品区域已生成透视校正裁片；逐项检查边缘、主体、主要色块、装裱和透视，未见明确不一致,EXISTING_PRODUCT:image_03.jpg,QA_PASS,原图与场景作品区域已生成透视校正裁片；逐项检查边缘、主体、主要色块、装裱和透视，未见明确不一致,QA_PASS,previews/qa_batches/P008_湖畔度假的一天_QA.jpg,C:\Users\Administrator\Documents\Codex\2026-06-23\shoppingpush\outputs\xiaohongshu_scene_rebuild_20260821\source_excel\008_row10_湖畔度假的一天.png,C:\Users\Administrator\Documents\Codex\2026-06-23\shoppingpush\outputs\xiaohongshu_scene_rebuild_20260821\live_current\images\008_6a2835f1b8140300157d60af\image_02.jpg,C:\Users\Administrator\Documents\Codex\2026-06-23\shoppingpush\outputs\xiaohongshu_scene_rebuild_20260821\live_current\images\008_6a2835f1b8140300157d60af\image_03.jpg,
9,6a2835f464c86a0015b76053,刘乐,洱海边的一天,刘乐-洱海边的一天,LOCAL_SOURCE:009_row11_洱海边的一天.png|LOOKUP:刘乐-洱海边的一天,EXISTING_PRODUCT:image_02.jpg,QA_PASS,原图与场景作品区域已生成透视校正裁片；逐项检查边缘、主体、主要色块、装裱和透视，未见明确不一致,EXISTING_PRODUCT:image_03.jpg,QA_PASS,原图与场景作品区域已生成透视校正裁片；逐项检查边缘、主体、主要色块、装裱和透视，未见明确不一致,QA_PASS,previews/qa_batches/P009_洱海边的一天_QA.jpg,C:\Users\Administrator\Documents\Codex\2026-06-23\shoppingpush\outputs\xiaohongshu_scene_rebuild_20260821\source_excel\009_row11_洱海边的一天.png,C:\Users\Administrator\Documents\Codex\2026-06-23\shoppingpush\outputs\xiaohongshu_scene_rebuild_20260821\live_current\images\009_6a2835f464c86a0015b76053\image_02.jpg,C:\Users\Administrator\Documents\Codex\2026-06-23\shoppingpush\outputs\xiaohongshu_scene_rebuild_20260821\live_current\images\009_6a2835f464c86a0015b76053\image_03.jpg,
10,6a2835f7c875390015e6ec2d,赵思栋,春天的歌,赵思栋-春天的歌,LOCAL_SOURCE:010_row12_春天的歌.png|LOOKUP:赵思栋-春天的歌,EXISTING_PRODUCT:image_02.jpg,QA_NEEDS_MANUAL,匹配框覆盖墙面和柜体而非真实作品四角；当前证据不足以逐边核验画芯,EXISTING_PRODUCT:image_03.jpg,QA_NEEDS_MANUAL,匹配框覆盖木墙/柜体而非真实作品四角；当前证据不足以逐边核验画芯,QA_NEEDS_MANUAL,previews/qa_batches/P010_春天的歌_QA.jpg,C:\Users\Administrator\Documents\Codex\2026-06-23\shoppingpush\outputs\xiaohongshu_scene_rebuild_20260821\source_excel\010_row12_春天的歌.png,C:\Users\Administrator\Documents\Codex\2026-06-23\shoppingpush\outputs\xiaohongshu_scene_rebuild_20260821\live_current\images\010_6a2835f7c875390015e6ec2d\image_02.jpg,C:\Users\Administrator\Documents\Codex\2026-06-23\shoppingpush\outputs\xiaohongshu_scene_rebuild_20260821\live_current\images\010_6a2835f7c875390015e6ec2d\image_03.jpg,previews/qa_failures/P010_春天的歌_QA.jpg
11,6a2835fba0915b001550e0d5,赵思栋,静海,赵思栋-静海,LOCAL_SOURCE:011_row13_静海.png|LOOKUP:赵思栋-静海,EXISTING_PRODUCT:image_02.jpg,QA_NEEDS_MANUAL,匹配框覆盖墙面和柜体而非真实作品四角；当前证据不足以逐边核验画芯,EXISTING_PRODUCT:image_03.jpg,QA_NEEDS_MANUAL,匹配框覆盖木墙/柜体而非真实作品四角；当前证据不足以逐边核验画芯,QA_NEEDS_MANUAL,previews/qa_batches/P011_静海_QA.jpg,C:\Users\Administrator\Documents\Codex\2026-06-23\shoppingpush\outputs\xiaohongshu_scene_rebuild_20260821\source_excel\011_row13_静海.png,C:\Users\Administrator\Documents\Codex\2026-06-23\shoppingpush\outputs\xiaohongshu_scene_rebuild_20260821\live_current\images\011_6a2835fba0915b001550e0d5\image_02.jpg,C:\Users\Administrator\Documents\Codex\2026-06-23\shoppingpush\outputs\xiaohongshu_scene_rebuild_20260821\live_current\images\011_6a2835fba0915b001550e0d5\image_03.jpg,previews/qa_failures/P011_静海_QA.jpg
12,6a2835fdc875390015e6ec3b,赵思栋,春径,赵思栋-春径,LOCAL_SOURCE:012_row14_春径.png|LOOKUP:赵思栋-春径,EXISTING_PRODUCT:image_02.jpg,QA_NEEDS_MANUAL,匹配框覆盖墙面和柜体而非真实作品四角；当前证据不足以逐边核验画芯,EXISTING_PRODUCT:image_03.jpg,QA_NEEDS_MANUAL,匹配框覆盖木墙/柜体而非真实作品四角；当前证据不足以逐边核验画芯,QA_NEEDS_MANUAL,previews/qa_batches/P012_春径_QA.jpg,C:\Users\Administrator\Documents\Codex\2026-06-23\shoppingpush\outputs\xiaohongshu_scene_rebuild_20260821\source_excel\012_row14_春径.png,C:\Users\Administrator\Documents\Codex\2026-06-23\shoppingpush\outputs\xiaohongshu_scene_rebuild_20260821\live_current\images\012_6a2835fdc875390015e6ec3b\image_02.jpg,C:\Users\Administrator\Documents\Codex\2026-06-23\shoppingpush\outputs\xiaohongshu_scene_rebuild_20260821\live_current\images\012_6a2835fdc875390015e6ec3b\image_03.jpg,previews/qa_failures/P012_春径_QA.jpg
13,6a283601964c0f00150f0570,赵思栋,塔尔寺的盛夏,赵思栋-塔尔寺的盛夏,LOCAL_SOURCE:013_row15_塔尔寺的盛夏.png|LOOKUP:赵思栋-塔尔寺的盛夏,EXISTING_PRODUCT:image_02.jpg,QA_NEEDS_MANUAL,匹配框覆盖墙面/桌面背景而非真实作品四角；当前证据不足以逐边核验画芯,EXISTING_PRODUCT:image_03.jpg,QA_NEEDS_MANUAL,匹配框覆盖木墙/柜体而非真实作品四角；当前证据不足以逐边核验画芯,QA_NEEDS_MANUAL,previews/qa_batches/P013_塔尔寺的盛夏_QA.jpg,C:\Users\Administrator\Documents\Codex\2026-06-23\shoppingpush\outputs\xiaohongshu_scene_rebuild_20260821\source_excel\013_row15_塔尔寺的盛夏.png,C:\Users\Administrator\Documents\Codex\2026-06-23\shoppingpush\outputs\xiaohongshu_scene_rebuild_20260821\live_current\images\013_6a283601964c0f00150f0570\image_02.jpg,C:\Users\Administrator\Documents\Codex\2026-06-23\shoppingpush\outputs\xiaohongshu_scene_rebuild_20260821\live_current\images\013_6a283601964c0f00150f0570\image_03.jpg,previews/qa_failures/P013_塔尔寺的盛夏_QA.jpg
20,6a284fb0cf37170016d5416b,Z.K,隐秘,Z.K-隐秘,LOCAL_SOURCE:020_row22_隐秘.png|LOOKUP:Z.K-隐秘,EXISTING_PRODUCT:image_02.jpg,QA_PASS,原图与场景作品区域已生成透视校正裁片；逐项检查边缘、主体、主要色块、装裱和透视，未见明确不一致,EXISTING_PRODUCT:image_03.jpg,QA_PASS,原图与场景作品区域已生成透视校正裁片；逐项检查边缘、主体、主要色块、装裱和透视，未见明确不一致,QA_PASS,previews/qa_batches/P020_隐秘_QA.jpg,C:\Users\Administrator\Documents\Codex\2026-06-23\shoppingpush\outputs\xiaohongshu_scene_rebuild_20260821\source_excel\020_row22_隐秘.png,C:\Users\Administrator\Documents\Codex\2026-06-23\shoppingpush\outputs\xiaohongshu_scene_rebuild_20260821\live_current\images\020_6a284fb0cf37170016d5416b\image_02.jpg,C:\Users\Administrator\Documents\Codex\2026-06-23\shoppingpush\outputs\xiaohongshu_scene_rebuild_20260821\live_current\images\020_6a284fb0cf37170016d5416b\image_03.jpg,
21,6a284fb364c86a0015b8b53b,Z.K,同桌,Z.K-同桌,LOCAL_SOURCE:021_row23_同桌.png|LOOKUP:Z.K-同桌,EXISTING_PRODUCT:image_02.jpg,QA_PASS,原图与场景作品区域已生成透视校正裁片；逐项检查边缘、主体、主要色块、装裱和透视，未见明确不一致,EXISTING_PRODUCT:image_03.jpg,QA_PASS,原图与场景作品区域已生成透视校正裁片；逐项检查边缘、主体、主要色块、装裱和透视，未见明确不一致,QA_PASS,previews/qa_batches/P021_同桌_QA.jpg,C:\Users\Administrator\Documents\Codex\2026-06-23\shoppingpush\outputs\xiaohongshu_scene_rebuild_20260821\source_excel\021_row23_同桌.png,C:\Users\Administrator\Documents\Codex\2026-06-23\shoppingpush\outputs\xiaohongshu_scene_rebuild_20260821\live_current\images\021_6a284fb364c86a0015b8b53b\image_02.jpg,C:\Users\Administrator\Documents\Codex\2026-06-23\shoppingpush\outputs\xiaohongshu_scene_rebuild_20260821\live_current\images\021_6a284fb364c86a0015b8b53b\image_03.jpg,
22,6a2828d9c875390015e6be11,平台id:茗茗就是我,水果系列2-《桃韵》,平台id:茗茗就是我-水果系列2-《桃韵》,LOCAL_SOURCE:022_row24_水果系列2-《桃韵》.jpeg|LOOKUP:平台id:茗茗就是我-水果系列2-《桃韵》,EXISTING_PRODUCT:image_02.jpg,QA_FAIL_CROP,原图可见圆形作品外圈的蓝白条纹边缘，场景1只保留内部桃子圆形，原作外缘内容消失,EXISTING_PRODUCT:image_03.jpg,QA_FAIL_CROP,原图可见圆形作品外圈的蓝白条纹边缘，场景2只保留内部桃子圆形，原作外缘内容消失,QA_FAIL_CROP,previews/qa_batches/P022_水果系列2-《桃韵》_QA.jpg,C:\Users\Administrator\Documents\Codex\2026-06-23\shoppingpush\outputs\xiaohongshu_scene_rebuild_20260821\source_excel\022_row24_水果系列2-《桃韵》.jpeg,C:\Users\Administrator\Documents\Codex\2026-06-23\shoppingpush\outputs\xiaohongshu_scene_rebuild_20260821\live_current\images\022_6a2828d9c875390015e6be11\image_02.jpg,C:\Users\Administrator\Documents\Codex\2026-06-23\shoppingpush\outputs\xiaohongshu_scene_rebuild_20260821\live_current\images\022_6a2828d9c875390015e6be11\image_03.jpg,previews/qa_failures/P022_水果系列2-《桃韵》_QA.jpg
23,6a28361c82e31900157308ab,平台id:茗茗就是我,水果系列2-《蓝实》,平台id:茗茗就是我-水果系列2-《蓝实》,LOCAL_SOURCE:023_row25_水果系列2-《蓝实》.jpeg|LOOKUP:平台id:茗茗就是我-水果系列2-《蓝实》,EXISTING_PRODUCT:image_02.jpg,QA_FAIL_CROP,原图可见圆形作品外圈的蓝白条纹边缘，场景1只保留内部蓝实圆形，原作外缘内容消失,EXISTING_PRODUCT:image_03.jpg,QA_FAIL_CROP,原图可见圆形作品外圈的蓝白条纹边缘，场景2只保留内部蓝实圆形，原作外缘内容消失,QA_FAIL_CROP,previews/qa_batches/P023_水果系列2-《蓝实》_QA.jpg,C:\Users\Administrator\Documents\Codex\2026-06-23\shoppingpush\outputs\xiaohongshu_scene_rebuild_20260821\source_excel\023_row25_水果系列2-《蓝实》.jpeg,C:\Users\Administrator\Documents\Codex\2026-06-23\shoppingpush\outputs\xiaohongshu_scene_rebuild_20260821\live_current\images\023_6a28361c82e31900157308ab\image_02.jpg,C:\Users\Administrator\Documents\Codex\2026-06-23\shoppingpush\outputs\xiaohongshu_scene_rebuild_20260821\live_current\images\023_6a28361c82e31900157308ab\image_03.jpg,previews/qa_failures/P023_水果系列2-《蓝实》_QA.jpg
24,6a2836274ffccd001564b67a,平台id:茗茗就是我,水果系列2-《柠黄》,平台id:茗茗就是我-水果系列2-《柠黄》,LOCAL_SOURCE:024_row26_水果系列2-《柠黄》.jpeg|LOOKUP:平台id:茗茗就是我-水果系列2-《柠黄》,EXISTING_PRODUCT:image_02.jpg,QA_FAIL_CROP,原图可见圆形作品外圈的蓝白条纹边缘，场景1只保留内部柠黄圆形，原作外缘内容消失,EXISTING_PRODUCT:image_03.jpg,QA_FAIL_CROP,原图可见圆形作品外圈的蓝白条纹边缘，场景2只保留内部柠黄圆形，原作外缘内容消失,QA_FAIL_CROP,previews/qa_batches/P024_水果系列2-《柠黄》_QA.jpg,C:\Users\Administrator\Documents\Codex\2026-06-23\shoppingpush\outputs\xiaohongshu_scene_rebuild_20260821\source_excel\024_row26_水果系列2-《柠黄》.jpeg,C:\Users\Administrator\Documents\Codex\2026-06-23\shoppingpush\outputs\xiaohongshu_scene_rebuild_20260821\live_current\images\024_6a2836274ffccd001564b67a\image_02.jpg,C:\Users\Administrator\Documents\Codex\2026-06-23\shoppingpush\outputs\xiaohongshu_scene_rebuild_20260821\live_current\images\024_6a2836274ffccd001564b67a\image_03.jpg,previews/qa_failures/P024_水果系列2-《柠黄》_QA.jpg
25,6a28363074af4700150af39c,平台id:茗茗就是我,水果系列2-《青梨》,平台id:茗茗就是我-水果系列2-《青梨》,LOCAL_SOURCE:025_row27_水果系列2-《青梨》.jpeg|LOOKUP:平台id:茗茗就是我-水果系列2-《青梨》,EXISTING_PRODUCT:image_02.jpg,QA_FAIL_CROP,自动提取结果仅保留内部主体区域/近似圆形区域；原作品完整外轮廓或边缘信息未被完整保留；因此不能判定为完整一致,EXISTING_PRODUCT:image_03.jpg,QA_FAIL_CROP,自动提取结果仅保留内部主体区域/近似圆形区域；原作品完整外轮廓或边缘信息未被完整保留；因此不能判定为完整一致,QA_FAIL_CROP,previews/qa_batches/P025_水果系列2-《青梨》_QA.jpg,C:\Users\Administrator\Documents\Codex\2026-06-23\shoppingpush\outputs\xiaohongshu_scene_rebuild_20260821\source_excel\025_row27_水果系列2-《青梨》.jpeg,C:\Users\Administrator\Documents\Codex\2026-06-23\shoppingpush\outputs\xiaohongshu_scene_rebuild_20260821\live_current\images\025_6a28363074af4700150af39c\image_02.jpg,C:\Users\Administrator\Documents\Codex\2026-06-23\shoppingpush\outputs\xiaohongshu_scene_rebuild_20260821\live_current\images\025_6a28363074af4700150af39c\image_03.jpg,previews/qa_failures/P025_水果系列2-《青梨》_QA.jpg
26,6a28363dc875390015e6ecb5,平台id:茗茗就是我,水果系列2-《圆果.红》,平台id:茗茗就是我-水果系列2-《圆果.红》,LOCAL_SOURCE:026_row28_水果系列2-《圆果.红》.jpeg|LOOKUP:平台id:茗茗就是我-水果系列2-《圆果.红》,EXISTING_PRODUCT:image_02.jpg,QA_NEEDS_MANUAL,圆形作品外缘/背衬与场景边界关系无法仅凭当前匹配框可靠确认，不能猜测完整性,EXISTING_PRODUCT:image_03.jpg,QA_NEEDS_MANUAL,圆形作品外缘/背衬与场景边界关系无法仅凭当前匹配框可靠确认，不能猜测完整性,QA_NEEDS_MANUAL,previews/qa_batches/P026_水果系列2-《圆果.红》_QA.jpg,C:\Users\Administrator\Documents\Codex\2026-06-23\shoppingpush\outputs\xiaohongshu_scene_rebuild_20260821\source_excel\026_row28_水果系列2-《圆果.红》.jpeg,C:\Users\Administrator\Documents\Codex\2026-06-23\shoppingpush\outputs\xiaohongshu_scene_rebuild_20260821\live_current\images\026_6a28363dc875390015e6ecb5\image_02.jpg,C:\Users\Administrator\Documents\Codex\2026-06-23\shoppingpush\outputs\xiaohongshu_scene_rebuild_20260821\live_current\images\026_6a28363dc875390015e6ecb5\image_03.jpg,previews/qa_failures/P026_水果系列2-《圆果.红》_QA.jpg
28,6a2ff63716b37a0015251752,杨铭奕,渡,杨铭奕-渡,LOCAL_SOURCE:official_01.jpeg|LOOKUP:杨铭奕-渡,OFFICIAL:official_02.jpeg,QA_PASS,原图与场景作品区域匹配并已生成透视校正裁片；逐项检查未见明确缺边、内容替换、装裱冲突或明显比例失真,OFFICIAL:official_03.jpeg,QA_PASS,原图与场景作品区域匹配并已生成透视校正裁片；逐项检查未见明确缺边、内容替换、装裱冲突或明显比例失真,QA_PASS,previews/qa_batches/P028_渡_QA.jpg,C:\Users\Administrator\Documents\Codex\2026-06-23\shoppingpush\outputs\xiaohongshu_scene_rebuild_20260821\official_candidates\batches_001_002\028\official_01.jpeg,C:\Users\Administrator\Documents\Codex\2026-06-23\shoppingpush\outputs\xiaohongshu_scene_rebuild_20260821\official_candidates\batches_001_002\028\official_02.jpeg,C:\Users\Administrator\Documents\Codex\2026-06-23\shoppingpush\outputs\xiaohongshu_scene_rebuild_20260821\official_candidates\batches_001_002\028\official_03.jpeg,
29,6a012d2f22eb6500014d9b04,黄方,花间集,黄方-花间集,LOCAL_SOURCE:029_row31_花间集.png|LOOKUP:黄方-花间集,EXISTING_PRODUCT:image_02.jpg,QA_PASS,原图与场景作品区域已生成透视校正裁片；逐项检查边缘、主体、主要色块、装裱和透视，未见明确不一致,EXISTING_PRODUCT:image_03.jpg,QA_PASS,原图与场景作品区域已生成透视校正裁片；逐项检查边缘、主体、主要色块、装裱和透视，未见明确不一致,QA_PASS,previews/qa_batches/P029_花间集_QA.jpg,C:\Users\Administrator\Documents\Codex\2026-06-23\shoppingpush\outputs\xiaohongshu_scene_rebuild_20260821\source_excel\029_row31_花间集.png,C:\Users\Administrator\Documents\Codex\2026-06-23\shoppingpush\outputs\xiaohongshu_scene_rebuild_20260821\live_current\images\029_6a012d2f22eb6500014d9b04\image_02.jpg,C:\Users\Administrator\Documents\Codex\2026-06-23\shoppingpush\outputs\xiaohongshu_scene_rebuild_20260821\live_current\images\029_6a012d2f22eb6500014d9b04\image_03.jpg,
30,6a00c1aa22eb650001472157,Keith Hall,Solar Roots,Keith Hall-Solar Roots,LOCAL_SOURCE:030_row32_Solar Roots.png|LOOKUP:Keith Hall-Solar Roots,EXISTING_PRODUCT:image_02.jpg,QA_PASS,原图与场景作品区域已生成透视校正裁片；逐项检查边缘、主体、主要色块、装裱和透视，未见明确不一致,EXISTING_PRODUCT:image_03.jpg,QA_PASS,原图与场景作品区域已生成透视校正裁片；逐项检查边缘、主体、主要色块、装裱和透视，未见明确不一致,QA_PASS,previews/qa_batches/P030_Solar Roots_QA.jpg,C:\Users\Administrator\Documents\Codex\2026-06-23\shoppingpush\outputs\xiaohongshu_scene_rebuild_20260821\source_excel\030_row32_Solar Roots.png,C:\Users\Administrator\Documents\Codex\2026-06-23\shoppingpush\outputs\xiaohongshu_scene_rebuild_20260821\live_current\images\030_6a00c1aa22eb650001472157\image_02.jpg,C:\Users\Administrator\Documents\Codex\2026-06-23\shoppingpush\outputs\xiaohongshu_scene_rebuild_20260821\live_current\images\030_6a00c1aa22eb650001472157\image_03.jpg,
31,6a00c24a64eb4100012236b3,Keith Hall,The Opening That Stayed,Keith Hall-The Opening That Stayed,LOCAL_SOURCE:031_row33_The Opening That Stayed.png|LOOKUP:Keith Hall-The Opening That Stayed,EXISTING_PRODUCT:image_02.jpg,QA_PASS,原图与场景作品区域已生成透视校正裁片；逐项检查边缘、主体、主要色块、装裱和透视，未见明确不一致,EXISTING_PRODUCT:image_03.jpg,QA_PASS,原图与场景作品区域已生成透视校正裁片；逐项检查边缘、主体、主要色块、装裱和透视，未见明确不一致,QA_PASS,previews/qa_batches/P031_The Opening That Stayed_QA.jpg,C:\Users\Administrator\Documents\Codex\2026-06-23\shoppingpush\outputs\xiaohongshu_scene_rebuild_20260821\source_excel\031_row33_The Opening That Stayed.png,C:\Users\Administrator\Documents\Codex\2026-06-23\shoppingpush\outputs\xiaohongshu_scene_rebuild_20260821\live_current\images\031_6a00c24a64eb4100012236b3\image_02.jpg,C:\Users\Administrator\Documents\Codex\2026-06-23\shoppingpush\outputs\xiaohongshu_scene_rebuild_20260821\live_current\images\031_6a00c24a64eb4100012236b3\image_03.jpg,
32,6a0adde14d102c000100f395,Keith Hall,Held Light,Keith Hall-Held Light,LOCAL_SOURCE:032_row34_Held Light.png|LOOKUP:Keith Hall-Held Light,EXISTING_PRODUCT:image_02.jpg,QA_PASS,原图与场景作品区域已生成透视校正裁片；逐项检查边缘、主体、主要色块、装裱和透视，未见明确不一致,EXISTING_PRODUCT:image_03.jpg,QA_PASS,原图与场景作品区域已生成透视校正裁片；逐项检查边缘、主体、主要色块、装裱和透视，未见明确不一致,QA_PASS,previews/qa_batches/P032_Held Light_QA.jpg,C:\Users\Administrator\Documents\Codex\2026-06-23\shoppingpush\outputs\xiaohongshu_scene_rebuild_20260821\source_excel\032_row34_Held Light.png,C:\Users\Administrator\Documents\Codex\2026-06-23\shoppingpush\outputs\xiaohongshu_scene_rebuild_20260821\live_current\images\032_6a0adde14d102c000100f395\image_02.jpg,C:\Users\Administrator\Documents\Codex\2026-06-23\shoppingpush\outputs\xiaohongshu_scene_rebuild_20260821\live_current\images\032_6a0adde14d102c000100f395\image_03.jpg,
33,69a9a89df209ba0001775a92,Keith Hall,When Shanghai Turns Green,Keith Hall-When Shanghai Turns Green,LOCAL_SOURCE:033_row35_When Shanghai Turns Green.png|LOOKUP:Keith Hall-When Shanghai Turns Green,EXISTING_PRODUCT:image_02.jpg,QA_PASS,原图与场景作品区域已生成透视校正裁片；逐项检查边缘、主体、主要色块、装裱和透视，未见明确不一致,EXISTING_PRODUCT:image_03.jpg,QA_PASS,原图与场景作品区域已生成透视校正裁片；逐项检查边缘、主体、主要色块、装裱和透视，未见明确不一致,QA_PASS,previews/qa_batches/P033_When Shanghai Turns Green_QA.jpg,C:\Users\Administrator\Documents\Codex\2026-06-23\shoppingpush\outputs\xiaohongshu_scene_rebuild_20260821\source_excel\033_row35_When Shanghai Turns Green.png,C:\Users\Administrator\Documents\Codex\2026-06-23\shoppingpush\outputs\xiaohongshu_scene_rebuild_20260821\live_current\images\033_69a9a89df209ba0001775a92\image_02.jpg,C:\Users\Administrator\Documents\Codex\2026-06-23\shoppingpush\outputs\xiaohongshu_scene_rebuild_20260821\live_current\images\033_69a9a89df209ba0001775a92\image_03.jpg,
34,6a00c3ac0283e200017528b4,Keith Hall,Patina,Keith Hall-Patina,LOCAL_SOURCE:034_row36_Patina.png|LOOKUP:Keith Hall-Patina,EXISTING_PRODUCT:image_02.jpg,QA_PASS,原图与场景作品区域已生成透视校正裁片；逐项检查边缘、主体、主要色块、装裱和透视，未见明确不一致,EXISTING_PRODUCT:image_03.jpg,QA_PASS,原图与场景作品区域已生成透视校正裁片；逐项检查边缘、主体、主要色块、装裱和透视，未见明确不一致,QA_PASS,previews/qa_batches/P034_Patina_QA.jpg,C:\Users\Administrator\Documents\Codex\2026-06-23\shoppingpush\outputs\xiaohongshu_scene_rebuild_20260821\source_excel\034_row36_Patina.png,C:\Users\Administrator\Documents\Codex\2026-06-23\shoppingpush\outputs\xiaohongshu_scene_rebuild_20260821\live_current\images\034_6a00c3ac0283e200017528b4\image_02.jpg,C:\Users\Administrator\Documents\Codex\2026-06-23\shoppingpush\outputs\xiaohongshu_scene_rebuild_20260821\live_current\images\034_6a00c3ac0283e200017528b4\image_03.jpg,
35,6a3a50b882f5610015b47073,又井,小黑桌上的美景#1,又井-小黑桌上的美景#1,LOCAL_SOURCE:035_row37_小黑桌上的美景#1.png|LOOKUP:又井-小黑桌上的美景#1,EXISTING_PRODUCT:image_02.jpg,QA_PASS,原图与场景作品区域已生成透视校正裁片；逐项检查边缘、主体、主要色块、装裱和透视，未见明确不一致,EXISTING_PRODUCT:image_03.jpg,QA_PASS,原图与场景作品区域已生成透视校正裁片；逐项检查边缘、主体、主要色块、装裱和透视，未见明确不一致,QA_PASS,previews/qa_batches/P035_小黑桌上的美景#1_QA.jpg,C:\Users\Administrator\Documents\Codex\2026-06-23\shoppingpush\outputs\xiaohongshu_scene_rebuild_20260821\source_excel\035_row37_小黑桌上的美景#1.png,C:\Users\Administrator\Documents\Codex\2026-06-23\shoppingpush\outputs\xiaohongshu_scene_rebuild_20260821\live_current\images\035_6a3a50b882f5610015b47073\image_02.jpg,C:\Users\Administrator\Documents\Codex\2026-06-23\shoppingpush\outputs\xiaohongshu_scene_rebuild_20260821\live_current\images\035_6a3a50b882f5610015b47073\image_03.jpg,
36,6a3a50be891c6a0015002a3a,又井,小黑桌上的美景#2向日葵,又井-小黑桌上的美景#2向日葵,LOCAL_SOURCE:036_row38_小黑桌上的美景#2向日葵.png|LOOKUP:又井-小黑桌上的美景#2向日葵,EXISTING_PRODUCT:image_02.jpg,QA_PASS,原图与场景作品区域已生成透视校正裁片；逐项检查边缘、主体、主要色块、装裱和透视，未见明确不一致,EXISTING_PRODUCT:image_03.jpg,QA_PASS,原图与场景作品区域已生成透视校正裁片；逐项检查边缘、主体、主要色块、装裱和透视，未见明确不一致,QA_PASS,previews/qa_batches/P036_小黑桌上的美景#2向日葵_QA.jpg,C:\Users\Administrator\Documents\Codex\2026-06-23\shoppingpush\outputs\xiaohongshu_scene_rebuild_20260821\source_excel\036_row38_小黑桌上的美景#2向日葵.png,C:\Users\Administrator\Documents\Codex\2026-06-23\shoppingpush\outputs\xiaohongshu_scene_rebuild_20260821\live_current\images\036_6a3a50be891c6a0015002a3a\image_02.jpg,C:\Users\Administrator\Documents\Codex\2026-06-23\shoppingpush\outputs\xiaohongshu_scene_rebuild_20260821\live_current\images\036_6a3a50be891c6a0015002a3a\image_03.jpg,
37,6a3a503a79e4100015ff6547,又井,张扬虞美人,又井-张扬虞美人,LOCAL_SOURCE:037_row39_张扬虞美人.png|LOOKUP:又井-张扬虞美人,EXISTING_PRODUCT:image_02.jpg,QA_PASS,原图与场景作品区域已生成透视校正裁片；逐项检查边缘、主体、主要色块、装裱和透视，未见明确不一致,EXISTING_PRODUCT:image_03.jpg,QA_PASS,原图与场景作品区域已生成透视校正裁片；逐项检查边缘、主体、主要色块、装裱和透视，未见明确不一致,QA_PASS,previews/qa_batches/P037_张扬虞美人_QA.jpg,C:\Users\Administrator\Documents\Codex\2026-06-23\shoppingpush\outputs\xiaohongshu_scene_rebuild_20260821\source_excel\037_row39_张扬虞美人.png,C:\Users\Administrator\Documents\Codex\2026-06-23\shoppingpush\outputs\xiaohongshu_scene_rebuild_20260821\live_current\images\037_6a3a503a79e4100015ff6547\image_02.jpg,C:\Users\Administrator\Documents\Codex\2026-06-23\shoppingpush\outputs\xiaohongshu_scene_rebuild_20260821\live_current\images\037_6a3a503a79e4100015ff6547\image_03.jpg,
38,6a43928ad528ea0015af9f2c,齐亮,云绕山峰添春色,齐亮-云绕山峰添春色,LOCAL_SOURCE:038_row40_云绕山峰添春色.png|LOOKUP:齐亮-云绕山峰添春色,EXISTING_PRODUCT:image_02.jpg,QA_PASS,原图与场景作品区域已生成透视校正裁片；逐项检查边缘、主体、主要色块、装裱和透视，未见明确不一致,EXISTING_PRODUCT:image_03.jpg,QA_PASS,原图与场景作品区域已生成透视校正裁片；逐项检查边缘、主体、主要色块、装裱和透视，未见明确不一致,QA_PASS,previews/qa_batches/P038_云绕山峰添春色_QA.jpg,C:\Users\Administrator\Documents\Codex\2026-06-23\shoppingpush\outputs\xiaohongshu_scene_rebuild_20260821\source_excel\038_row40_云绕山峰添春色.png,C:\Users\Administrator\Documents\Codex\2026-06-23\shoppingpush\outputs\xiaohongshu_scene_rebuild_20260821\live_current\images\038_6a43928ad528ea0015af9f2c\image_02.jpg,C:\Users\Administrator\Documents\Codex\2026-06-23\shoppingpush\outputs\xiaohongshu_scene_rebuild_20260821\live_current\images\038_6a43928ad528ea0015af9f2c\image_03.jpg,
39,6a3a50c34cc8690015264c87,齐亮,庄稼地里的树木,齐亮-庄稼地里的树木,LOCAL_SOURCE:039_row41_庄稼地里的树木.png|LOOKUP:齐亮-庄稼地里的树木,EXISTING_PRODUCT:image_02.jpg,QA_PASS,原图与场景作品区域已生成透视校正裁片；逐项检查边缘、主体、主要色块、装裱和透视，未见明确不一致,EXISTING_PRODUCT:image_03.jpg,QA_PASS,原图与场景作品区域已生成透视校正裁片；逐项检查边缘、主体、主要色块、装裱和透视，未见明确不一致,QA_PASS,previews/qa_batches/P039_庄稼地里的树木_QA.jpg,C:\Users\Administrator\Documents\Codex\2026-06-23\shoppingpush\outputs\xiaohongshu_scene_rebuild_20260821\source_excel\039_row41_庄稼地里的树木.png,C:\Users\Administrator\Documents\Codex\2026-06-23\shoppingpush\outputs\xiaohongshu_scene_rebuild_20260821\live_current\images\039_6a3a50c34cc8690015264c87\image_02.jpg,C:\Users\Administrator\Documents\Codex\2026-06-23\shoppingpush\outputs\xiaohongshu_scene_rebuild_20260821\live_current\images\039_6a3a50c34cc8690015264c87\image_03.jpg,
40,6a3a5051c875390015663d9a,张赫,轻灵系列—咪,张赫-轻灵系列—咪,LOCAL_SOURCE:040_row42_轻灵系列—咪.png|LOOKUP:张赫-轻灵系列—咪,EXISTING_PRODUCT:image_02.jpg,QA_NEEDS_MANUAL,命中四边覆盖墙面和家具背景，未能可靠定位真实作品边界；不能据此判断完整性/装裱,EXISTING_PRODUCT:image_03.jpg,QA_NEEDS_MANUAL,无法可靠定位真实作品四角，不能完成完整性/装裱核验,QA_NEEDS_MANUAL,previews/qa_batches/P040_轻灵系列—咪_QA.jpg,C:\Users\Administrator\Documents\Codex\2026-06-23\shoppingpush\outputs\xiaohongshu_scene_rebuild_20260821\source_excel\040_row42_轻灵系列—咪.png,C:\Users\Administrator\Documents\Codex\2026-06-23\shoppingpush\outputs\xiaohongshu_scene_rebuild_20260821\live_current\images\040_6a3a5051c875390015663d9a\image_02.jpg,C:\Users\Administrator\Documents\Codex\2026-06-23\shoppingpush\outputs\xiaohongshu_scene_rebuild_20260821\live_current\images\040_6a3a5051c875390015663d9a\image_03.jpg,previews/qa_failures/P040_轻灵系列—咪_QA.jpg
41,6a3a50c979e4100015ff6a4d,张赫,轻灵系列--对语,张赫-轻灵系列--对语,LOCAL_SOURCE:041_row43_轻灵系列--对语.png|LOOKUP:张赫-轻灵系列--对语,EXISTING_PRODUCT:image_02.jpg,QA_PASS,原图与场景作品区域已生成透视校正裁片；逐项检查边缘、主体、主要色块、装裱和透视，未见明确不一致,EXISTING_PRODUCT:image_03.jpg,QA_PASS,原图与场景作品区域已生成透视校正裁片；逐项检查边缘、主体、主要色块、装裱和透视，未见明确不一致,QA_PASS,previews/qa_batches/P041_轻灵系列--对语_QA.jpg,C:\Users\Administrator\Documents\Codex\2026-06-23\shoppingpush\outputs\xiaohongshu_scene_rebuild_20260821\source_excel\041_row43_轻灵系列--对语.png,C:\Users\Administrator\Documents\Codex\2026-06-23\shoppingpush\outputs\xiaohongshu_scene_rebuild_20260821\live_current\images\041_6a3a50c979e4100015ff6a4d\image_02.jpg,C:\Users\Administrator\Documents\Codex\2026-06-23\shoppingpush\outputs\xiaohongshu_scene_rebuild_20260821\live_current\images\041_6a3a50c979e4100015ff6a4d\image_03.jpg,
42,6a42281849fb5f001546f1d4,张玲,野兽派猫居手记 1,张玲-野兽派猫居手记 1,LOCAL_SOURCE:042_row44_野兽派猫居手记 1.jpeg|LOOKUP:张玲-野兽派猫居手记 1,EXISTING_PRODUCT:image_02.jpg,QA_PASS,原图与场景作品区域已生成透视校正裁片；逐项检查边缘、主体、主要色块、装裱和透视，未见明确不一致,EXISTING_PRODUCT:image_03.jpg,QA_PASS,原图与场景作品区域已生成透视校正裁片；逐项检查边缘、主体、主要色块、装裱和透视，未见明确不一致,QA_PASS,previews/qa_batches/P042_野兽派猫居手记 1_QA.jpg,C:\Users\Administrator\Documents\Codex\2026-06-23\shoppingpush\outputs\xiaohongshu_scene_rebuild_20260821\source_excel\042_row44_野兽派猫居手记 1.jpeg,C:\Users\Administrator\Documents\Codex\2026-06-23\shoppingpush\outputs\xiaohongshu_scene_rebuild_20260821\live_current\images\042_6a42281849fb5f001546f1d4\image_02.jpg,C:\Users\Administrator\Documents\Codex\2026-06-23\shoppingpush\outputs\xiaohongshu_scene_rebuild_20260821\live_current\images\042_6a42281849fb5f001546f1d4\image_03.jpg,
43,6a42281da442e100155f731d,张玲,野兽派猫居手记 2,张玲-野兽派猫居手记 2,LOCAL_SOURCE:043_row45_野兽派猫居手记 2.jpeg|LOOKUP:张玲-野兽派猫居手记 2,EXISTING_PRODUCT:image_02.jpg,QA_PASS,原图与场景作品区域已生成透视校正裁片；逐项检查边缘、主体、主要色块、装裱和透视，未见明确不一致,EXISTING_PRODUCT:image_03.jpg,QA_PASS,原图与场景作品区域已生成透视校正裁片；逐项检查边缘、主体、主要色块、装裱和透视，未见明确不一致,QA_PASS,previews/qa_batches/P043_野兽派猫居手记 2_QA.jpg,C:\Users\Administrator\Documents\Codex\2026-06-23\shoppingpush\outputs\xiaohongshu_scene_rebuild_20260821\source_excel\043_row45_野兽派猫居手记 2.jpeg,C:\Users\Administrator\Documents\Codex\2026-06-23\shoppingpush\outputs\xiaohongshu_scene_rebuild_20260821\live_current\images\043_6a42281da442e100155f731d\image_02.jpg,C:\Users\Administrator\Documents\Codex\2026-06-23\shoppingpush\outputs\xiaohongshu_scene_rebuild_20260821\live_current\images\043_6a42281da442e100155f731d\image_03.jpg,
44,6a422822c875390015656519,张玲,野兽派猫居手记 3,张玲-野兽派猫居手记 3,LOCAL_SOURCE:044_row46_野兽派猫居手记 3.jpeg|LOOKUP:张玲-野兽派猫居手记 3,EXISTING_PRODUCT:image_02.jpg,QA_PASS,原图与场景作品区域已生成透视校正裁片；逐项检查边缘、主体、主要色块、装裱和透视，未见明确不一致,EXISTING_PRODUCT:image_03.jpg,QA_PASS,原图与场景作品区域已生成透视校正裁片；逐项检查边缘、主体、主要色块、装裱和透视，未见明确不一致,QA_PASS,previews/qa_batches/P044_野兽派猫居手记 3_QA.jpg,C:\Users\Administrator\Documents\Codex\2026-06-23\shoppingpush\outputs\xiaohongshu_scene_rebuild_20260821\source_excel\044_row46_野兽派猫居手记 3.jpeg,C:\Users\Administrator\Documents\Codex\2026-06-23\shoppingpush\outputs\xiaohongshu_scene_rebuild_20260821\live_current\images\044_6a422822c875390015656519\image_02.jpg,C:\Users\Administrator\Documents\Codex\2026-06-23\shoppingpush\outputs\xiaohongshu_scene_rebuild_20260821\live_current\images\044_6a422822c875390015656519\image_03.jpg,
45,6a422828f7e50e00154b0595,张玲,野兽派猫居手记 4,张玲-野兽派猫居手记 4,LOCAL_SOURCE:045_row47_野兽派猫居手记 4.jpeg|LOOKUP:张玲-野兽派猫居手记 4,EXISTING_PRODUCT:image_02.jpg,QA_PASS,原图与场景作品区域已生成透视校正裁片；逐项检查边缘、主体、主要色块、装裱和透视，未见明确不一致,EXISTING_PRODUCT:image_03.jpg,QA_PASS,原图与场景作品区域已生成透视校正裁片；逐项检查边缘、主体、主要色块、装裱和透视，未见明确不一致,QA_PASS,previews/qa_batches/P045_野兽派猫居手记 4_QA.jpg,C:\Users\Administrator\Documents\Codex\2026-06-23\shoppingpush\outputs\xiaohongshu_scene_rebuild_20260821\source_excel\045_row47_野兽派猫居手记 4.jpeg,C:\Users\Administrator\Documents\Codex\2026-06-23\shoppingpush\outputs\xiaohongshu_scene_rebuild_20260821\live_current\images\045_6a422828f7e50e00154b0595\image_02.jpg,C:\Users\Administrator\Documents\Codex\2026-06-23\shoppingpush\outputs\xiaohongshu_scene_rebuild_20260821\live_current\images\045_6a422828f7e50e00154b0595\image_03.jpg,
46,6a4324334ab6d30015328b82,黄昊,赤原三骏,黄昊-赤原三骏,LOCAL_SOURCE:046_row48_赤原三骏.jpeg|LOOKUP:黄昊-赤原三骏,EXISTING_PRODUCT:image_02.jpg,QA_PASS,原图与场景作品区域已生成透视校正裁片；逐项检查边缘、主体、主要色块、装裱和透视，未见明确不一致,EXISTING_PRODUCT:image_03.jpg,QA_NEEDS_MANUAL,场景2作品区域无法可靠定位，不能检查四边、四角和内容,QA_NEEDS_MANUAL,previews/qa_batches/P046_赤原三骏_QA.jpg,C:\Users\Administrator\Documents\Codex\2026-06-23\shoppingpush\outputs\xiaohongshu_scene_rebuild_20260821\source_excel\046_row48_赤原三骏.jpeg,C:\Users\Administrator\Documents\Codex\2026-06-23\shoppingpush\outputs\xiaohongshu_scene_rebuild_20260821\live_current\images\046_6a4324334ab6d30015328b82\image_02.jpg,C:\Users\Administrator\Documents\Codex\2026-06-23\shoppingpush\outputs\xiaohongshu_scene_rebuild_20260821\live_current\images\046_6a4324334ab6d30015328b82\image_03.jpg,previews/qa_failures/P046_赤原三骏_QA.jpg
47,6a4324378a78380015ded5c7,黄昊,翠野碎光,黄昊-翠野碎光,LOCAL_SOURCE:047_row49_翠野碎光.jpeg|LOOKUP:黄昊-翠野碎光,EXISTING_PRODUCT:image_02.jpg,QA_PASS,原图与场景作品区域已生成透视校正裁片；逐项检查边缘、主体、主要色块、装裱和透视，未见明确不一致,EXISTING_PRODUCT:image_03.jpg,QA_PASS,原图与场景作品区域已生成透视校正裁片；逐项检查边缘、主体、主要色块、装裱和透视，未见明确不一致,QA_PASS,previews/qa_batches/P047_翠野碎光_QA.jpg,C:\Users\Administrator\Documents\Codex\2026-06-23\shoppingpush\outputs\xiaohongshu_scene_rebuild_20260821\source_excel\047_row49_翠野碎光.jpeg,C:\Users\Administrator\Documents\Codex\2026-06-23\shoppingpush\outputs\xiaohongshu_scene_rebuild_20260821\live_current\images\047_6a4324378a78380015ded5c7\image_02.jpg,C:\Users\Administrator\Documents\Codex\2026-06-23\shoppingpush\outputs\xiaohongshu_scene_rebuild_20260821\live_current\images\047_6a4324378a78380015ded5c7\image_03.jpg,
48,6a43243a43ed640015752ab0,黄昊,紫雾繁花,黄昊-紫雾繁花,LOCAL_SOURCE:048_row50_紫雾繁花.jpeg|LOOKUP:黄昊-紫雾繁花,EXISTING_PRODUCT:image_02.jpg,QA_PASS,原图与场景作品区域已生成透视校正裁片；逐项检查边缘、主体、主要色块、装裱和透视，未见明确不一致,EXISTING_PRODUCT:image_03.jpg,QA_PASS,原图与场景作品区域已生成透视校正裁片；逐项检查边缘、主体、主要色块、装裱和透视，未见明确不一致,QA_PASS,previews/qa_batches/P048_紫雾繁花_QA.jpg,C:\Users\Administrator\Documents\Codex\2026-06-23\shoppingpush\outputs\xiaohongshu_scene_rebuild_20260821\source_excel\048_row50_紫雾繁花.jpeg,C:\Users\Administrator\Documents\Codex\2026-06-23\shoppingpush\outputs\xiaohongshu_scene_rebuild_20260821\live_current\images\048_6a43243a43ed640015752ab0\image_02.jpg,C:\Users\Administrator\Documents\Codex\2026-06-23\shoppingpush\outputs\xiaohongshu_scene_rebuild_20260821\live_current\images\048_6a43243a43ed640015752ab0\image_03.jpg,
49,6a43243d82e31900159ab9ec,黄昊,沉青,黄昊-沉青,LOCAL_SOURCE:049_row51_沉青.jpeg|LOOKUP:黄昊-沉青,EXISTING_PRODUCT:image_02.jpg,QA_PASS,原图与场景作品区域已生成透视校正裁片；逐项检查边缘、主体、主要色块、装裱和透视，未见明确不一致,EXISTING_PRODUCT:image_03.jpg,QA_PASS,原图与场景作品区域已生成透视校正裁片；逐项检查边缘、主体、主要色块、装裱和透视，未见明确不一致,QA_PASS,previews/qa_batches/P049_沉青_QA.jpg,C:\Users\Administrator\Documents\Codex\2026-06-23\shoppingpush\outputs\xiaohongshu_scene_rebuild_20260821\source_excel\049_row51_沉青.jpeg,C:\Users\Administrator\Documents\Codex\2026-06-23\shoppingpush\outputs\xiaohongshu_scene_rebuild_20260821\live_current\images\049_6a43243d82e31900159ab9ec\image_02.jpg,C:\Users\Administrator\Documents\Codex\2026-06-23\shoppingpush\outputs\xiaohongshu_scene_rebuild_20260821\live_current\images\049_6a43243d82e31900159ab9ec\image_03.jpg,
50,6a432440acfd2d00154d9d38,黄昊,浮世色,黄昊-浮世色,LOCAL_SOURCE:050_row52_浮世色.jpeg|LOOKUP:黄昊-浮世色,EXISTING_PRODUCT:image_02.jpg,QA_PASS,原图与场景作品区域已生成透视校正裁片；逐项检查边缘、主体、主要色块、装裱和透视，未见明确不一致,EXISTING_PRODUCT:image_03.jpg,QA_PASS,原图与场景作品区域已生成透视校正裁片；逐项检查边缘、主体、主要色块、装裱和透视，未见明确不一致,QA_PASS,previews/qa_batches/P050_浮世色_QA.jpg,C:\Users\Administrator\Documents\Codex\2026-06-23\shoppingpush\outputs\xiaohongshu_scene_rebuild_20260821\source_excel\050_row52_浮世色.jpeg,C:\Users\Administrator\Documents\Codex\2026-06-23\shoppingpush\outputs\xiaohongshu_scene_rebuild_20260821\live_current\images\050_6a432440acfd2d00154d9d38\image_02.jpg,C:\Users\Administrator\Documents\Codex\2026-06-23\shoppingpush\outputs\xiaohongshu_scene_rebuild_20260821\live_current\images\050_6a432440acfd2d00154d9d38\image_03.jpg,
51,6a432443ab3c850015ae9673,黄昊,蓝海金澜,黄昊-蓝海金澜,LOCAL_SOURCE:051_row53_蓝海金澜.jpeg|LOOKUP:黄昊-蓝海金澜,EXISTING_PRODUCT:image_02.jpg,QA_PASS,原图与场景作品区域已生成透视校正裁片；逐项检查边缘、主体、主要色块、装裱和透视，未见明确不一致,EXISTING_PRODUCT:image_03.jpg,QA_PASS,原图与场景作品区域已生成透视校正裁片；逐项检查边缘、主体、主要色块、装裱和透视，未见明确不一致,QA_PASS,previews/qa_batches/P051_蓝海金澜_QA.jpg,C:\Users\Administrator\Documents\Codex\2026-06-23\shoppingpush\outputs\xiaohongshu_scene_rebuild_20260821\source_excel\051_row53_蓝海金澜.jpeg,C:\Users\Administrator\Documents\Codex\2026-06-23\shoppingpush\outputs\xiaohongshu_scene_rebuild_20260821\live_current\images\051_6a432443ab3c850015ae9673\image_02.jpg,C:\Users\Administrator\Documents\Codex\2026-06-23\shoppingpush\outputs\xiaohongshu_scene_rebuild_20260821\live_current\images\051_6a432443ab3c850015ae9673\image_03.jpg,
52,6a432446ab3c850015ae9689,黄昊,青坪粉絮,黄昊-青坪粉絮,LOCAL_SOURCE:052_row54_青坪粉絮.jpeg|LOOKUP:黄昊-青坪粉絮,EXISTING_PRODUCT:image_02.jpg,QA_PASS,原图与场景作品区域已生成透视校正裁片；逐项检查边缘、主体、主要色块、装裱和透视，未见明确不一致,EXISTING_PRODUCT:image_03.jpg,QA_PASS,原图与场景作品区域已生成透视校正裁片；逐项检查边缘、主体、主要色块、装裱和透视，未见明确不一致,QA_PASS,previews/qa_batches/P052_青坪粉絮_QA.jpg,C:\Users\Administrator\Documents\Codex\2026-06-23\shoppingpush\outputs\xiaohongshu_scene_rebuild_20260821\source_excel\052_row54_青坪粉絮.jpeg,C:\Users\Administrator\Documents\Codex\2026-06-23\shoppingpush\outputs\xiaohongshu_scene_rebuild_20260821\live_current\images\052_6a432446ab3c850015ae9689\image_02.jpg,C:\Users\Administrator\Documents\Codex\2026-06-23\shoppingpush\outputs\xiaohongshu_scene_rebuild_20260821\live_current\images\052_6a432446ab3c850015ae9689\image_03.jpg,
53,6a43244ac016db00154e10a4,雷大卫,流光,雷大卫-流光,LOCAL_SOURCE:053_row55_流光.jpeg|LOOKUP:雷大卫-流光,EXISTING_PRODUCT:image_02.jpg,QA_PASS,原图与场景作品区域已生成透视校正裁片；逐项检查边缘、主体、主要色块、装裱和透视，未见明确不一致,EXISTING_PRODUCT:image_03.jpg,QA_PASS,原图与场景作品区域已生成透视校正裁片；逐项检查边缘、主体、主要色块、装裱和透视，未见明确不一致,QA_PASS,previews/qa_batches/P053_流光_QA.jpg,C:\Users\Administrator\Documents\Codex\2026-06-23\shoppingpush\outputs\xiaohongshu_scene_rebuild_20260821\source_excel\053_row55_流光.jpeg,C:\Users\Administrator\Documents\Codex\2026-06-23\shoppingpush\outputs\xiaohongshu_scene_rebuild_20260821\live_current\images\053_6a43244ac016db00154e10a4\image_02.jpg,C:\Users\Administrator\Documents\Codex\2026-06-23\shoppingpush\outputs\xiaohongshu_scene_rebuild_20260821\live_current\images\053_6a43244ac016db00154e10a4\image_03.jpg,
54,6a43244ec13d0f0015048288,雷大卫,蓝调构成,雷大卫-蓝调构成,LOCAL_SOURCE:054_row56_蓝调构成.jpeg|LOOKUP:雷大卫-蓝调构成,EXISTING_PRODUCT:image_02.jpg,QA_PASS,原图与场景作品区域已生成透视校正裁片；逐项检查边缘、主体、主要色块、装裱和透视，未见明确不一致,EXISTING_PRODUCT:image_03.jpg,QA_PASS,原图与场景作品区域已生成透视校正裁片；逐项检查边缘、主体、主要色块、装裱和透视，未见明确不一致,QA_PASS,previews/qa_batches/P054_蓝调构成_QA.jpg,C:\Users\Administrator\Documents\Codex\2026-06-23\shoppingpush\outputs\xiaohongshu_scene_rebuild_20260821\source_excel\054_row56_蓝调构成.jpeg,C:\Users\Administrator\Documents\Codex\2026-06-23\shoppingpush\outputs\xiaohongshu_scene_rebuild_20260821\live_current\images\054_6a43244ec13d0f0015048288\image_02.jpg,C:\Users\Administrator\Documents\Codex\2026-06-23\shoppingpush\outputs\xiaohongshu_scene_rebuild_20260821\live_current\images\054_6a43244ec13d0f0015048288\image_03.jpg,
57,6a7aa0b52f72a60015b6ce00,陈玲,肌理画,陈玲-肌理画,LOCAL_SOURCE:057_row59_肌理画.jpeg|LOOKUP:陈玲-肌理画,EXISTING_PRODUCT:image_02.jpg,QA_NEEDS_MANUAL,作品在场景1中尺寸过小，当前证据不足以逐项检查边缘、内容和装裱,EXISTING_PRODUCT:image_03.jpg,QA_NEEDS_MANUAL,作品在场景2中尺寸过小，当前证据不足以逐项检查边缘、内容和装裱,QA_NEEDS_MANUAL,previews/qa_batches/P057_肌理画_QA.jpg,C:\Users\Administrator\Documents\Codex\2026-06-23\shoppingpush\outputs\xiaohongshu_scene_rebuild_20260821\source_excel\057_row59_肌理画.jpeg,C:\Users\Administrator\Documents\Codex\2026-06-23\shoppingpush\outputs\xiaohongshu_scene_rebuild_20260821\live_current\images\057_6a7aa0b52f72a60015b6ce00\image_02.jpg,C:\Users\Administrator\Documents\Codex\2026-06-23\shoppingpush\outputs\xiaohongshu_scene_rebuild_20260821\live_current\images\057_6a7aa0b52f72a60015b6ce00\image_03.jpg,previews/qa_failures/P057_肌理画_QA.jpg
58,6a7aa0bbc13d0f00152276f6,陈玲,秋韵,陈玲-秋韵,LOCAL_SOURCE:058_row60_秋韵.jpeg|LOOKUP:陈玲-秋韵,EXISTING_PRODUCT:image_02.jpg,QA_PASS,原图与场景作品区域匹配并已生成透视校正裁片；逐项检查未见明确缺边、内容替换、装裱冲突或明显比例失真,EXISTING_PRODUCT:image_03.jpg,QA_PASS,原图与场景作品区域匹配并已生成透视校正裁片；逐项检查未见明确缺边、内容替换、装裱冲突或明显比例失真,QA_PASS,previews/qa_batches/P058_秋韵_QA.jpg,C:\Users\Administrator\Documents\Codex\2026-06-23\shoppingpush\outputs\xiaohongshu_scene_rebuild_20260821\source_excel\058_row60_秋韵.jpeg,C:\Users\Administrator\Documents\Codex\2026-06-23\shoppingpush\outputs\xiaohongshu_scene_rebuild_20260821\live_current\images\058_6a7aa0bbc13d0f00152276f6\image_02.jpg,C:\Users\Administrator\Documents\Codex\2026-06-23\shoppingpush\outputs\xiaohongshu_scene_rebuild_20260821\live_current\images\058_6a7aa0bbc13d0f00152276f6\image_03.jpg,
59,6a7aa0c0206b71001582c802,陈玲,桦林秋韵,陈玲-桦林秋韵,LOCAL_SOURCE:059_row61_桦林秋韵.jpeg|LOOKUP:陈玲-桦林秋韵,EXISTING_PRODUCT:image_02.jpg,QA_NEEDS_MANUAL,场景1作品过小，无法可靠定位四角,EXISTING_PRODUCT:image_03.jpg,QA_PASS,原图与场景作品区域匹配并已生成透视校正裁片；逐项检查未见明确缺边、内容替换、装裱冲突或明显比例失真,QA_NEEDS_MANUAL,previews/qa_batches/P059_桦林秋韵_QA.jpg,C:\Users\Administrator\Documents\Codex\2026-06-23\shoppingpush\outputs\xiaohongshu_scene_rebuild_20260821\source_excel\059_row61_桦林秋韵.jpeg,C:\Users\Administrator\Documents\Codex\2026-06-23\shoppingpush\outputs\xiaohongshu_scene_rebuild_20260821\live_current\images\059_6a7aa0c0206b71001582c802\image_02.jpg,C:\Users\Administrator\Documents\Codex\2026-06-23\shoppingpush\outputs\xiaohongshu_scene_rebuild_20260821\live_current\images\059_6a7aa0c0206b71001582c802\image_03.jpg,previews/qa_failures/P059_桦林秋韵_QA.jpg
60,6a7aa0c9c13d0f0015227755,陈玲,夜落星河,陈玲-夜落星河,LOCAL_SOURCE:060_row62_夜落星河.jpeg|LOOKUP:陈玲-夜落星河,EXISTING_PRODUCT:image_02.jpg,QA_PASS,原图与场景作品区域匹配并已生成透视校正裁片；逐项检查未见明确缺边、内容替换、装裱冲突或明显比例失真,EXISTING_PRODUCT:image_03.jpg,QA_PASS,原图与场景作品区域匹配并已生成透视校正裁片；逐项检查未见明确缺边、内容替换、装裱冲突或明显比例失真,QA_PASS,previews/qa_batches/P060_夜落星河_QA.jpg,C:\Users\Administrator\Documents\Codex\2026-06-23\shoppingpush\outputs\xiaohongshu_scene_rebuild_20260821\source_excel\060_row62_夜落星河.jpeg,C:\Users\Administrator\Documents\Codex\2026-06-23\shoppingpush\outputs\xiaohongshu_scene_rebuild_20260821\live_current\images\060_6a7aa0c9c13d0f0015227755\image_02.jpg,C:\Users\Administrator\Documents\Codex\2026-06-23\shoppingpush\outputs\xiaohongshu_scene_rebuild_20260821\live_current\images\060_6a7aa0c9c13d0f0015227755\image_03.jpg,
61,6a4b738982f5610015b5274a,陈玲,枕星而眠,陈玲-枕星而眠,LOCAL_SOURCE:official_01.jpg|LOOKUP:陈玲-枕星而眠,OFFICIAL:official_03.jpg,QA_PASS,原图与场景作品区域匹配并已生成透视校正裁片；逐项检查未见明确缺边、内容替换、装裱冲突或明显比例失真,OFFICIAL:official_04.jpg,QA_PASS,原图与场景作品区域匹配并已生成透视校正裁片；逐项检查未见明确缺边、内容替换、装裱冲突或明显比例失真,QA_PASS,previews/qa_batches/P061_枕星而眠_QA.jpg,C:\Users\Administrator\Documents\Codex\2026-06-23\shoppingpush\outputs\xiaohongshu_scene_rebuild_20260821\official_candidates\batches_005_007_part_a\061\official_01.jpg,C:\Users\Administrator\Documents\Codex\2026-06-23\shoppingpush\outputs\xiaohongshu_scene_rebuild_20260821\official_candidates\batches_005_007_part_a\061\official_03.jpg,C:\Users\Administrator\Documents\Codex\2026-06-23\shoppingpush\outputs\xiaohongshu_scene_rebuild_20260821\official_candidates\batches_005_007_part_a\061\official_04.jpg,
62,6a7bdbfe96a66f00151dadeb,毛一然,叶中花·春野花信,毛一然-叶中花·春野花信,LOCAL_SOURCE:062_row64_叶中花·春野花信.png|LOOKUP:毛一然-叶中花·春野花信,EXISTING_PRODUCT:image_02.jpg,QA_NEEDS_MANUAL,场景1作品过小，无法可靠定位四角,EXISTING_PRODUCT:image_03.jpg,QA_NEEDS_MANUAL,自动命中落在墙面/家具边缘而非作品四角，无法确认,QA_NEEDS_MANUAL,previews/qa_batches/P062_叶中花·春野花信_QA.jpg,C:\Users\Administrator\Documents\Codex\2026-06-23\shoppingpush\outputs\xiaohongshu_scene_rebuild_20260821\source_excel\062_row64_叶中花·春野花信.png,C:\Users\Administrator\Documents\Codex\2026-06-23\shoppingpush\outputs\xiaohongshu_scene_rebuild_20260821\live_current\images\062_6a7bdbfe96a66f00151dadeb\image_02.jpg,C:\Users\Administrator\Documents\Codex\2026-06-23\shoppingpush\outputs\xiaohongshu_scene_rebuild_20260821\live_current\images\062_6a7bdbfe96a66f00151dadeb\image_03.jpg,previews/qa_failures/P062_叶中花·春野花信_QA.jpg
63,6a7bdc04cc27b900154c2b11,毛一然,叶中花·花漫,毛一然-叶中花·花漫,LOCAL_SOURCE:063_row65_叶中花·花漫.png|LOOKUP:毛一然-叶中花·花漫,EXISTING_PRODUCT:image_02.jpg,QA_NEEDS_MANUAL,作品过小，无法可靠定位四角,EXISTING_PRODUCT:image_03.jpg,QA_NEEDS_MANUAL,作品过小，无法可靠定位四角,QA_NEEDS_MANUAL,previews/qa_batches/P063_叶中花·花漫_QA.jpg,C:\Users\Administrator\Documents\Codex\2026-06-23\shoppingpush\outputs\xiaohongshu_scene_rebuild_20260821\source_excel\063_row65_叶中花·花漫.png,C:\Users\Administrator\Documents\Codex\2026-06-23\shoppingpush\outputs\xiaohongshu_scene_rebuild_20260821\live_current\images\063_6a7bdc04cc27b900154c2b11\image_02.jpg,C:\Users\Administrator\Documents\Codex\2026-06-23\shoppingpush\outputs\xiaohongshu_scene_rebuild_20260821\live_current\images\063_6a7bdc04cc27b900154c2b11\image_03.jpg,previews/qa_failures/P063_叶中花·花漫_QA.jpg
64,6a7bdbf8bb783d00153f4aec,毛一然,叶中花·粉黛玫瑰,毛一然-叶中花·粉黛玫瑰,LOCAL_SOURCE:064_row66_叶中花·粉黛玫瑰.png|LOOKUP:毛一然-叶中花·粉黛玫瑰,EXISTING_PRODUCT:image_02.jpg,QA_PASS,原图与场景作品区域匹配并已生成透视校正裁片；逐项检查未见明确缺边、内容替换、装裱冲突或明显比例失真,EXISTING_PRODUCT:image_03.jpg,QA_PASS,原图与场景作品区域匹配并已生成透视校正裁片；逐项检查未见明确缺边、内容替换、装裱冲突或明显比例失真,QA_PASS,previews/qa_batches/P064_叶中花·粉黛玫瑰_QA.jpg,C:\Users\Administrator\Documents\Codex\2026-06-23\shoppingpush\outputs\xiaohongshu_scene_rebuild_20260821\source_excel\064_row66_叶中花·粉黛玫瑰.png,C:\Users\Administrator\Documents\Codex\2026-06-23\shoppingpush\outputs\xiaohongshu_scene_rebuild_20260821\live_current\images\064_6a7bdbf8bb783d00153f4aec\image_02.jpg,C:\Users\Administrator\Documents\Codex\2026-06-23\shoppingpush\outputs\xiaohongshu_scene_rebuild_20260821\live_current\images\064_6a7bdbf8bb783d00153f4aec\image_03.jpg,
65,6a7ee0a6eb8eff0015995b5a,吴林霏,野鸭图,吴林霏-野鸭图,LOCAL_SOURCE:official_01.jpg|LOOKUP:吴林霏-野鸭图,OFFICIAL:02_scene_c1.jpg,QA_PASS,原图与场景作品区域匹配并已生成透视校正裁片；逐项检查未见明确缺边、内容替换、装裱冲突或明显比例失真,OFFICIAL:03_scene_c2.jpg,QA_PASS,原图与场景作品区域匹配并已生成透视校正裁片；逐项检查未见明确缺边、内容替换、装裱冲突或明显比例失真,QA_PASS,previews/qa_batches/P065_野鸭图_QA.jpg,C:\Users\Administrator\Documents\Codex\2026-06-23\shoppingpush\outputs\xiaohongshu_scene_rebuild_20260821\official_candidates\batches_005_007_part_a\065\official_01.jpg,C:\Users\Administrator\Documents\Codex\2026-06-23\shoppingpush\data\artist_works\丁冠中_散落之前_20260814\preview_assets_direct\09_吴林霏_《野鸭图》\02_scene_c1.jpg,C:\Users\Administrator\Documents\Codex\2026-06-23\shoppingpush\data\artist_works\丁冠中_散落之前_20260814\preview_assets_direct\09_吴林霏_《野鸭图》\03_scene_c2.jpg,
66,6a7ed5fb202ba20015805ccb,吴林霏,国色春融,吴林霏-国色春融,LOCAL_SOURCE:official_01.jpg|LOOKUP:吴林霏-国色春融,OFFICIAL:02_scene_c1.jpg,QA_PASS,原图与场景作品区域匹配并已生成透视校正裁片；逐项检查未见明确缺边、内容替换、装裱冲突或明显比例失真,OFFICIAL:03_scene_c2.jpg,QA_PASS,原图与场景作品区域匹配并已生成透视校正裁片；逐项检查未见明确缺边、内容替换、装裱冲突或明显比例失真,QA_PASS,previews/qa_batches/P066_国色春融_QA.jpg,C:\Users\Administrator\Documents\Codex\2026-06-23\shoppingpush\outputs\xiaohongshu_scene_rebuild_20260821\official_candidates\batches_005_007_part_a\066\official_01.jpg,C:\Users\Administrator\Documents\Codex\2026-06-23\shoppingpush\data\artist_works\丁冠中_散落之前_20260814\preview_assets_direct\08_吴林霏_《国色春融》\02_scene_c1.jpg,C:\Users\Administrator\Documents\Codex\2026-06-23\shoppingpush\data\artist_works\丁冠中_散落之前_20260814\preview_assets_direct\08_吴林霏_《国色春融》\03_scene_c2.jpg,
67,6a7ed5a4e3af990015a39702,吴林霏,寿石芳华,吴林霏-寿石芳华,LOCAL_SOURCE:official_01.jpg|LOOKUP:吴林霏-寿石芳华,OFFICIAL:02_scene_c1.jpg,QA_PASS,原图与场景作品区域匹配并已生成透视校正裁片；逐项检查未见明确缺边、内容替换、装裱冲突或明显比例失真,OFFICIAL:03_scene_c2.jpg,QA_PASS,原图与场景作品区域匹配并已生成透视校正裁片；逐项检查未见明确缺边、内容替换、装裱冲突或明显比例失真,QA_PASS,previews/qa_batches/P067_寿石芳华_QA.jpg,C:\Users\Administrator\Documents\Codex\2026-06-23\shoppingpush\outputs\xiaohongshu_scene_rebuild_20260821\official_candidates\batches_005_007_part_a\067\official_01.jpg,C:\Users\Administrator\Documents\Codex\2026-06-23\shoppingpush\data\artist_works\丁冠中_散落之前_20260814\preview_assets_direct\06_吴林霏_《寿石芳华》\02_scene_c1.jpg,C:\Users\Administrator\Documents\Codex\2026-06-23\shoppingpush\data\artist_works\丁冠中_散落之前_20260814\preview_assets_direct\06_吴林霏_《寿石芳华》\03_scene_c2.jpg,
68,6a7ed5ce69cb0d0015e0775d,吴林霏,玉兰图,吴林霏-玉兰图,LOCAL_SOURCE:official_01.jpg|LOOKUP:吴林霏-玉兰图,OFFICIAL:02_scene_c1.jpg,QA_PASS,原图与场景作品区域匹配并已生成透视校正裁片；逐项检查未见明确缺边、内容替换、装裱冲突或明显比例失真,OFFICIAL:03_scene_c2.jpg,QA_PASS,原图与场景作品区域匹配并已生成透视校正裁片；逐项检查未见明确缺边、内容替换、装裱冲突或明显比例失真,QA_PASS,previews/qa_batches/P068_玉兰图_QA.jpg,C:\Users\Administrator\Documents\Codex\2026-06-23\shoppingpush\outputs\xiaohongshu_scene_rebuild_20260821\official_candidates\batches_005_007_part_a\068\official_01.jpg,C:\Users\Administrator\Documents\Codex\2026-06-23\shoppingpush\data\artist_works\丁冠中_散落之前_20260814\preview_assets_direct\07_吴林霏_《玉兰图》\02_scene_c1.jpg,C:\Users\Administrator\Documents\Codex\2026-06-23\shoppingpush\data\artist_works\丁冠中_散落之前_20260814\preview_assets_direct\07_吴林霏_《玉兰图》\03_scene_c2.jpg,
69,6a7ed4e8acfd2d0015cc7459,丁冠中,散落之前 1,丁冠中-散落之前 1,LOCAL_SOURCE:069_row71_散落之前 1.jpeg|LOOKUP:丁冠中-散落之前 1,OFFICIAL:02_scene_medium_1.jpg,QA_PASS,原图与场景作品区域匹配并已生成透视校正裁片；逐项检查未见明确缺边、内容替换、装裱冲突或明显比例失真,OFFICIAL:03_scene_medium_2.jpg,QA_PASS,原图与场景作品区域匹配并已生成透视校正裁片；逐项检查未见明确缺边、内容替换、装裱冲突或明显比例失真,QA_PASS,previews/qa_batches/P069_散落之前 1_QA.jpg,C:\Users\Administrator\Documents\Codex\2026-06-23\shoppingpush\outputs\xiaohongshu_scene_rebuild_20260821\source_excel\069_row71_散落之前 1.jpeg,C:\Users\Administrator\Documents\Codex\2026-06-23\shoppingpush\data\artist_works\丁冠中_散落之前_20260814\preview_assets_direct\01_丁冠中_《散落之前 1》\02_scene_medium_1.jpg,C:\Users\Administrator\Documents\Codex\2026-06-23\shoppingpush\data\artist_works\丁冠中_散落之前_20260814\preview_assets_direct\01_丁冠中_《散落之前 1》\03_scene_medium_2.jpg,
70,6a7ed50d87c186001504a423,丁冠中,散落之前 2,丁冠中-散落之前 2,LOCAL_SOURCE:070_row72_散落之前 2.jpeg|LOOKUP:丁冠中-散落之前 2,OFFICIAL:02_scene_medium_1.jpg,QA_PASS,原图与场景作品区域匹配并已生成透视校正裁片；逐项检查未见明确缺边、内容替换、装裱冲突或明显比例失真,OFFICIAL:03_scene_medium_2.jpg,QA_PASS,原图与场景作品区域匹配并已生成透视校正裁片；逐项检查未见明确缺边、内容替换、装裱冲突或明显比例失真,QA_PASS,previews/qa_batches/P070_散落之前 2_QA.jpg,C:\Users\Administrator\Documents\Codex\2026-06-23\shoppingpush\outputs\xiaohongshu_scene_rebuild_20260821\source_excel\070_row72_散落之前 2.jpeg,C:\Users\Administrator\Documents\Codex\2026-06-23\shoppingpush\data\artist_works\丁冠中_散落之前_20260814\preview_assets_direct\02_丁冠中_《散落之前 2》\02_scene_medium_1.jpg,C:\Users\Administrator\Documents\Codex\2026-06-23\shoppingpush\data\artist_works\丁冠中_散落之前_20260814\preview_assets_direct\02_丁冠中_《散落之前 2》\03_scene_medium_2.jpg,
71,6a7ed532ab3c850015680c23,丁冠中,散落之前 8,丁冠中-散落之前 8,LOCAL_SOURCE:071_row73_散落之前 8.jpeg|LOOKUP:丁冠中-散落之前 8,OFFICIAL:02_scene_medium_1.jpg,QA_PASS,原图与场景作品区域匹配并已生成透视校正裁片；逐项检查未见明确缺边、内容替换、装裱冲突或明显比例失真,OFFICIAL:03_scene_medium_2.jpg,QA_PASS,原图与场景作品区域匹配并已生成透视校正裁片；逐项检查未见明确缺边、内容替换、装裱冲突或明显比例失真,QA_PASS,previews/qa_batches/P071_散落之前 8_QA.jpg,C:\Users\Administrator\Documents\Codex\2026-06-23\shoppingpush\outputs\xiaohongshu_scene_rebuild_20260821\source_excel\071_row73_散落之前 8.jpeg,C:\Users\Administrator\Documents\Codex\2026-06-23\shoppingpush\data\artist_works\丁冠中_散落之前_20260814\preview_assets_direct\03_丁冠中_《散落之前 8》\02_scene_medium_1.jpg,C:\Users\Administrator\Documents\Codex\2026-06-23\shoppingpush\data\artist_works\丁冠中_散落之前_20260814\preview_assets_direct\03_丁冠中_《散落之前 8》\03_scene_medium_2.jpg,
72,6a7ed55687fda10015a4cdcc,丁冠中,散落之前 16,丁冠中-散落之前 16,LOCAL_SOURCE:072_row74_散落之前 16.jpeg|LOOKUP:丁冠中-散落之前 16,OFFICIAL:02_scene_medium_1.jpg,QA_PASS,原图与场景作品区域匹配并已生成透视校正裁片；逐项检查未见明确缺边、内容替换、装裱冲突或明显比例失真,OFFICIAL:03_scene_medium_2.jpg,QA_PASS,原图与场景作品区域匹配并已生成透视校正裁片；逐项检查未见明确缺边、内容替换、装裱冲突或明显比例失真,QA_PASS,previews/qa_batches/P072_散落之前 16_QA.jpg,C:\Users\Administrator\Documents\Codex\2026-06-23\shoppingpush\outputs\xiaohongshu_scene_rebuild_20260821\source_excel\072_row74_散落之前 16.jpeg,C:\Users\Administrator\Documents\Codex\2026-06-23\shoppingpush\data\artist_works\丁冠中_散落之前_20260814\preview_assets_direct\04_丁冠中_《散落之前 16》\02_scene_medium_1.jpg,C:\Users\Administrator\Documents\Codex\2026-06-23\shoppingpush\data\artist_works\丁冠中_散落之前_20260814\preview_assets_direct\04_丁冠中_《散落之前 16》\03_scene_medium_2.jpg,
73,6a7ed57c06318f00158b348d,丁冠中,散落之前 17,丁冠中-散落之前 17,LOCAL_SOURCE:073_row75_散落之前 17.jpeg|LOOKUP:丁冠中-散落之前 17,OFFICIAL:02_scene_medium_1.jpg,QA_PASS,原图与场景作品区域匹配并已生成透视校正裁片；逐项检查未见明确缺边、内容替换、装裱冲突或明显比例失真,OFFICIAL:03_scene_medium_2.jpg,QA_PASS,原图与场景作品区域匹配并已生成透视校正裁片；逐项检查未见明确缺边、内容替换、装裱冲突或明显比例失真,QA_PASS,previews/qa_batches/P073_散落之前 17_QA.jpg,C:\Users\Administrator\Documents\Codex\2026-06-23\shoppingpush\outputs\xiaohongshu_scene_rebuild_20260821\source_excel\073_row75_散落之前 17.jpeg,C:\Users\Administrator\Documents\Codex\2026-06-23\shoppingpush\data\artist_works\丁冠中_散落之前_20260814\preview_assets_direct\05_丁冠中_《散落之前 17》\02_scene_medium_1.jpg,C:\Users\Administrator\Documents\Codex\2026-06-23\shoppingpush\data\artist_works\丁冠中_散落之前_20260814\preview_assets_direct\05_丁冠中_《散落之前 17》\03_scene_medium_2.jpg,
74,6a7f03b88a78380015d39d78,治愈颜料罐,角落,治愈颜料罐-角落,LOCAL_SOURCE:074_row76_角落.png|LOOKUP:治愈颜料罐-角落,EXISTING_PRODUCT:image_02.jpg,QA_PASS,原图与场景作品区域匹配并已生成透视校正裁片；逐项检查未见明确缺边、内容替换、装裱冲突或明显比例失真,EXISTING_PRODUCT:image_03.jpg,QA_PASS,原图与场景作品区域匹配并已生成透视校正裁片；逐项检查未见明确缺边、内容替换、装裱冲突或明显比例失真,QA_PASS,previews/qa_batches/P074_角落_QA.jpg,C:\Users\Administrator\Documents\Codex\2026-06-23\shoppingpush\outputs\xiaohongshu_scene_rebuild_20260821\source_excel\074_row76_角落.png,C:\Users\Administrator\Documents\Codex\2026-06-23\shoppingpush\outputs\xiaohongshu_scene_rebuild_20260821\live_current\images\074_6a7f03b88a78380015d39d78\image_02.jpg,C:\Users\Administrator\Documents\Codex\2026-06-23\shoppingpush\outputs\xiaohongshu_scene_rebuild_20260821\live_current\images\074_6a7f03b88a78380015d39d78\image_03.jpg,
75,6a7f03dc87fda10015a5d904,治愈颜料罐,瓷语,治愈颜料罐-瓷语,LOCAL_SOURCE:075_row77_瓷语.png|LOOKUP:治愈颜料罐-瓷语,EXISTING_PRODUCT:image_02.jpg,QA_PASS,原图与场景作品区域匹配并已生成透视校正裁片；逐项检查未见明确缺边、内容替换、装裱冲突或明显比例失真,EXISTING_PRODUCT:image_03.jpg,QA_PASS,原图与场景作品区域匹配并已生成透视校正裁片；逐项检查未见明确缺边、内容替换、装裱冲突或明显比例失真,QA_PASS,previews/qa_batches/P075_瓷语_QA.jpg,C:\Users\Administrator\Documents\Codex\2026-06-23\shoppingpush\outputs\xiaohongshu_scene_rebuild_20260821\source_excel\075_row77_瓷语.png,C:\Users\Administrator\Documents\Codex\2026-06-23\shoppingpush\outputs\xiaohongshu_scene_rebuild_20260821\live_current\images\075_6a7f03dc87fda10015a5d904\image_02.jpg,C:\Users\Administrator\Documents\Codex\2026-06-23\shoppingpush\outputs\xiaohongshu_scene_rebuild_20260821\live_current\images\075_6a7f03dc87fda10015a5d904\image_03.jpg,
76,6a7f0477c0b079001539e3da,治愈颜料罐,暖,治愈颜料罐-暖,LOCAL_SOURCE:076_row78_暖.png|LOOKUP:治愈颜料罐-暖,EXISTING_PRODUCT:image_02.jpg,QA_PASS,原图与场景作品区域匹配并已生成透视校正裁片；逐项检查未见明确缺边、内容替换、装裱冲突或明显比例失真,EXISTING_PRODUCT:image_03.jpg,QA_PASS,原图与场景作品区域匹配并已生成透视校正裁片；逐项检查未见明确缺边、内容替换、装裱冲突或明显比例失真,QA_PASS,previews/qa_batches/P076_暖_QA.jpg,C:\Users\Administrator\Documents\Codex\2026-06-23\shoppingpush\outputs\xiaohongshu_scene_rebuild_20260821\source_excel\076_row78_暖.png,C:\Users\Administrator\Documents\Codex\2026-06-23\shoppingpush\outputs\xiaohongshu_scene_rebuild_20260821\live_current\images\076_6a7f0477c0b079001539e3da\image_02.jpg,C:\Users\Administrator\Documents\Codex\2026-06-23\shoppingpush\outputs\xiaohongshu_scene_rebuild_20260821\live_current\images\076_6a7f0477c0b079001539e3da\image_03.jpg,
77,6a545d9b4ab6d300156c31ec,顽童,权利游戏之来财,顽童-权利游戏之来财,LOCAL_SOURCE:077_row79_权利游戏之来财.png|LOOKUP:顽童-权利游戏之来财,EXISTING_PRODUCT:image_02.jpg,QA_PASS,原图与场景作品区域匹配并已生成透视校正裁片；逐项检查未见明确缺边、内容替换、装裱冲突或明显比例失真,EXISTING_PRODUCT:image_03.jpg,QA_NEEDS_MANUAL,场景2为近景/细节式图，无法确认完整作品边缘和场景关系,QA_NEEDS_MANUAL,previews/qa_batches/P077_权利游戏之来财_QA.jpg,C:\Users\Administrator\Documents\Codex\2026-06-23\shoppingpush\outputs\xiaohongshu_scene_rebuild_20260821\source_excel\077_row79_权利游戏之来财.png,C:\Users\Administrator\Documents\Codex\2026-06-23\shoppingpush\outputs\xiaohongshu_scene_rebuild_20260821\live_current\images\077_6a545d9b4ab6d300156c31ec\image_02.jpg,C:\Users\Administrator\Documents\Codex\2026-06-23\shoppingpush\outputs\xiaohongshu_scene_rebuild_20260821\live_current\images\077_6a545d9b4ab6d300156c31ec\image_03.jpg,previews/qa_failures/P077_权利游戏之来财_QA.jpg
78,6a548b8ca54570001590a94d,顽童,权利游戏之操控,顽童-权利游戏之操控,LOCAL_SOURCE:078_row80_权利游戏之操控.png|LOOKUP:顽童-权利游戏之操控,OFFICIAL:scene_1_official_white_wall.jpg,QA_PASS,原图与场景作品区域匹配并已生成透视校正裁片；逐项检查未见明确缺边、内容替换、装裱冲突或明显比例失真,EXISTING_PRODUCT:image_02.jpg,QA_PASS,原图与场景作品区域匹配并已生成透视校正裁片；逐项检查未见明确缺边、内容替换、装裱冲突或明显比例失真,QA_PASS,previews/qa_batches/P078_权利游戏之操控_QA.jpg,C:\Users\Administrator\Documents\Codex\2026-06-23\shoppingpush\outputs\xiaohongshu_scene_rebuild_20260821\source_excel\078_row80_权利游戏之操控.png,C:\Users\Administrator\Documents\Codex\2026-06-23\shoppingpush\outputs\xiaohongshu_scene_rebuild_20260821\official_candidates\batches_005_007\78\scene_1_official_white_wall.jpg,C:\Users\Administrator\Documents\Codex\2026-06-23\shoppingpush\outputs\xiaohongshu_scene_rebuild_20260821\live_current\images\078_6a548b8ca54570001590a94d\image_02.jpg,
82,6a82e33cbbfeef00155b125a,张玲,野兽派猫居手记 5（2026）,张玲-野兽派猫居手记 5（2026）,LOCAL_SOURCE:082_row84_野兽派猫居手记 5（2026）.png|LOOKUP:张玲-野兽派猫居手记 5（2026）,OFFICIAL:official_05.jpg,QA_PASS,原图与场景作品区域匹配并已生成透视校正裁片；逐项检查未见明确缺边、内容替换、装裱冲突或明显比例失真,EXISTING_PRODUCT:image_02.jpg,QA_PASS,原图与场景作品区域匹配并已生成透视校正裁片；逐项检查未见明确缺边、内容替换、装裱冲突或明显比例失真,QA_PASS,previews/qa_batches/P082_野兽派猫居手记 5（2026）_QA.jpg,C:\Users\Administrator\Documents\Codex\2026-06-23\shoppingpush\outputs\xiaohongshu_scene_rebuild_20260821\source_excel\082_row84_野兽派猫居手记 5（2026）.png,C:\Users\Administrator\Documents\ChatGPT\商品管理\work\qiyq_excel_dual_preview_20260817_qiyq_excel_dual\assets\06_张玲_野兽派猫居手记_5\official_05.jpg,C:\Users\Administrator\Documents\Codex\2026-06-23\shoppingpush\outputs\xiaohongshu_scene_rebuild_20260821\live_current\images\082_6a82e33cbbfeef00155b125a\image_02.jpg,
83,6a82e3622f72a60015ac21aa,张玲,野兽派猫居手记 6（2026）,张玲-野兽派猫居手记 6（2026）,LOCAL_SOURCE:083_row85_野兽派猫居手记 6（2026）.png|LOOKUP:张玲-野兽派猫居手记 6（2026）,OFFICIAL:official_05.jpg,QA_PASS,原图与场景作品区域匹配并已生成透视校正裁片；逐项检查未见明确缺边、内容替换、装裱冲突或明显比例失真,EXISTING_PRODUCT:image_02.jpg,QA_PASS,原图与场景作品区域匹配并已生成透视校正裁片；逐项检查未见明确缺边、内容替换、装裱冲突或明显比例失真,QA_PASS,previews/qa_batches/P083_野兽派猫居手记 6（2026）_QA.jpg,C:\Users\Administrator\Documents\Codex\2026-06-23\shoppingpush\outputs\xiaohongshu_scene_rebuild_20260821\source_excel\083_row85_野兽派猫居手记 6（2026）.png,C:\Users\Administrator\Documents\ChatGPT\商品管理\work\qiyq_excel_dual_preview_20260817_qiyq_excel_dual\assets\07_张玲_野兽派猫居手记_6\official_05.jpg,C:\Users\Administrator\Documents\Codex\2026-06-23\shoppingpush\outputs\xiaohongshu_scene_rebuild_20260821\live_current\images\083_6a82e3622f72a60015ac21aa\image_02.jpg,
84,6a82e38a69cb0d0015fae931,张玲,野兽派猫居手记 7（2026）,张玲-野兽派猫居手记 7（2026）,LOCAL_SOURCE:084_row86_野兽派猫居手记 7（2026）.png|LOOKUP:张玲-野兽派猫居手记 7（2026）,OFFICIAL:official_05.jpg,QA_PASS,原图与场景作品区域匹配并已生成透视校正裁片；逐项检查未见明确缺边、内容替换、装裱冲突或明显比例失真,EXISTING_PRODUCT:image_02.jpg,QA_NEEDS_MANUAL,场景2为近景/细节式图，无法确认完整作品边缘和场景关系,QA_NEEDS_MANUAL,previews/qa_batches/P084_野兽派猫居手记 7（2026）_QA.jpg,C:\Users\Administrator\Documents\Codex\2026-06-23\shoppingpush\outputs\xiaohongshu_scene_rebuild_20260821\source_excel\084_row86_野兽派猫居手记 7（2026）.png,C:\Users\Administrator\Documents\ChatGPT\商品管理\work\qiyq_excel_dual_preview_20260817_qiyq_excel_dual\assets\08_张玲_野兽派猫居手记_7\official_05.jpg,C:\Users\Administrator\Documents\Codex\2026-06-23\shoppingpush\outputs\xiaohongshu_scene_rebuild_20260821\live_current\images\084_6a82e38a69cb0d0015fae931\image_02.jpg,previews/qa_failures/P084_野兽派猫居手记 7（2026）_QA.jpg
85,6a82e3b4a495710015075be2,张玲,野兽派猫居手记 8（2026）,张玲-野兽派猫居手记 8（2026）,LOCAL_SOURCE:085_row87_野兽派猫居手记 8（2026）.png|LOOKUP:张玲-野兽派猫居手记 8（2026）,OFFICIAL:official_05.jpg,QA_PASS,原图与场景作品区域匹配并已生成透视校正裁片；逐项检查未见明确缺边、内容替换、装裱冲突或明显比例失真,EXISTING_PRODUCT:image_02.jpg,QA_PASS,原图与场景作品区域匹配并已生成透视校正裁片；逐项检查未见明确缺边、内容替换、装裱冲突或明显比例失真,QA_PASS,previews/qa_batches/P085_野兽派猫居手记 8（2026）_QA.jpg,C:\Users\Administrator\Documents\Codex\2026-06-23\shoppingpush\outputs\xiaohongshu_scene_rebuild_20260821\source_excel\085_row87_野兽派猫居手记 8（2026）.png,C:\Users\Administrator\Documents\ChatGPT\商品管理\work\qiyq_excel_dual_preview_20260817_qiyq_excel_dual\assets\09_张玲_野兽派猫居手记_8\official_05.jpg,C:\Users\Administrator\Documents\Codex\2026-06-23\shoppingpush\outputs\xiaohongshu_scene_rebuild_20260821\live_current\images\085_6a82e3b4a495710015075be2\image_02.jpg,
86,6a75bd64b814030015b51a71,张玲,《海的呼唤》系列之十一,张玲-《海的呼唤》系列之十一,LOCAL_SOURCE:086_row88_《海的呼唤》系列之十一.png|LOOKUP:张玲-《海的呼唤》系列之十一,EXISTING_PRODUCT:image_02.jpg,QA_PASS,原图与场景作品区域匹配并已生成透视校正裁片；逐项检查未见明确缺边、内容替换、装裱冲突或明显比例失真,EXISTING_PRODUCT:image_03.jpg,QA_PASS,原图与场景作品区域匹配并已生成透视校正裁片；逐项检查未见明确缺边、内容替换、装裱冲突或明显比例失真,QA_PASS,previews/qa_batches/P086_《海的呼唤》系列之十一_QA.jpg,C:\Users\Administrator\Documents\Codex\2026-06-23\shoppingpush\outputs\xiaohongshu_scene_rebuild_20260821\source_excel\086_row88_《海的呼唤》系列之十一.png,C:\Users\Administrator\Documents\Codex\2026-06-23\shoppingpush\outputs\xiaohongshu_scene_rebuild_20260821\live_current\images\086_6a75bd64b814030015b51a71\image_02.jpg,C:\Users\Administrator\Documents\Codex\2026-06-23\shoppingpush\outputs\xiaohongshu_scene_rebuild_20260821\live_current\images\086_6a75bd64b814030015b51a71\image_03.jpg,
91,6a86635f16b37a0015eb516c,蔡嘉,粉色天鹅湖,蔡嘉-粉色天鹅湖,LOCAL_SOURCE:091_row93_粉色天鹅湖.jpeg|LOOKUP:蔡嘉-粉色天鹅湖,EXISTING_PRODUCT:image_02.jpg,QA_PASS,原图与场景作品区域匹配并已生成透视校正裁片；逐项检查未见明确缺边、内容替换、装裱冲突或明显比例失真,EXISTING_PRODUCT:image_05.jpg,QA_PASS,原图与场景作品区域匹配并已生成透视校正裁片；逐项检查未见明确缺边、内容替换、装裱冲突或明显比例失真,QA_PASS,previews/qa_batches/P091_粉色天鹅湖_QA.jpg,C:\Users\Administrator\Documents\Codex\2026-06-23\shoppingpush\outputs\xiaohongshu_scene_rebuild_20260821\source_excel\091_row93_粉色天鹅湖.jpeg,C:\Users\Administrator\Documents\Codex\2026-06-23\shoppingpush\outputs\xiaohongshu_scene_rebuild_20260821\live_current\images\091_6a86635f16b37a0015eb516c\image_02.jpg,C:\Users\Administrator\Documents\Codex\2026-06-23\shoppingpush\outputs\xiaohongshu_scene_rebuild_20260821\live_current\images\091_6a86635f16b37a0015eb516c\image_05.jpg,
92,6a8663a3c13d0f00154adaab,蔡嘉,奋力上游,蔡嘉-奋力上游,LOCAL_SOURCE:092_row95_奋力上游.jpeg|LOOKUP:蔡嘉-奋力上游,EXISTING_PRODUCT:image_02.jpg,QA_PASS,原图与场景作品区域匹配并已生成透视校正裁片；逐项检查未见明确缺边、内容替换、装裱冲突或明显比例失真,EXISTING_PRODUCT:image_05.jpg,QA_PASS,原图与场景作品区域匹配并已生成透视校正裁片；逐项检查未见明确缺边、内容替换、装裱冲突或明显比例失真,QA_PASS,previews/qa_batches/P092_奋力上游_QA.jpg,C:\Users\Administrator\Documents\Codex\2026-06-23\shoppingpush\outputs\xiaohongshu_scene_rebuild_20260821\source_excel\092_row95_奋力上游.jpeg,C:\Users\Administrator\Documents\Codex\2026-06-23\shoppingpush\outputs\xiaohongshu_scene_rebuild_20260821\live_current\images\092_6a8663a3c13d0f00154adaab\image_02.jpg,C:\Users\Administrator\Documents\Codex\2026-06-23\shoppingpush\outputs\xiaohongshu_scene_rebuild_20260821\live_current\images\092_6a8663a3c13d0f00154adaab\image_05.jpg,
93,6a8663e6ab3c8500156b0424,蔡嘉,海的远方,蔡嘉-海的远方,LOCAL_SOURCE:093_row97_海的远方.jpeg|LOOKUP:蔡嘉-海的远方,EXISTING_PRODUCT:image_02.jpg,QA_PASS,原图与场景作品区域匹配并已生成透视校正裁片；逐项检查未见明确缺边、内容替换、装裱冲突或明显比例失真,EXISTING_PRODUCT:image_05.jpg,QA_PASS,原图与场景作品区域匹配并已生成透视校正裁片；逐项检查未见明确缺边、内容替换、装裱冲突或明显比例失真,QA_PASS,previews/qa_batches/P093_海的远方_QA.jpg,C:\Users\Administrator\Documents\Codex\2026-06-23\shoppingpush\outputs\xiaohongshu_scene_rebuild_20260821\source_excel\093_row97_海的远方.jpeg,C:\Users\Administrator\Documents\Codex\2026-06-23\shoppingpush\outputs\xiaohongshu_scene_rebuild_20260821\live_current\images\093_6a8663e6ab3c8500156b0424\image_02.jpg,C:\Users\Administrator\Documents\Codex\2026-06-23\shoppingpush\outputs\xiaohongshu_scene_rebuild_20260821\live_current\images\093_6a8663e6ab3c8500156b0424\image_05.jpg,
94,6a866429202ba20015a470e6,蔡嘉,绚丽黄昏,蔡嘉-绚丽黄昏,LOCAL_SOURCE:094_row98_绚丽黄昏.jpeg|LOOKUP:蔡嘉-绚丽黄昏,EXISTING_PRODUCT:image_02.jpg,QA_PASS,原图与场景作品区域匹配并已生成透视校正裁片；逐项检查未见明确缺边、内容替换、装裱冲突或明显比例失真,EXISTING_PRODUCT:image_05.jpg,QA_PASS,原图与场景作品区域匹配并已生成透视校正裁片；逐项检查未见明确缺边、内容替换、装裱冲突或明显比例失真,QA_PASS,previews/qa_batches/P094_绚丽黄昏_QA.jpg,C:\Users\Administrator\Documents\Codex\2026-06-23\shoppingpush\outputs\xiaohongshu_scene_rebuild_20260821\source_excel\094_row98_绚丽黄昏.jpeg,C:\Users\Administrator\Documents\Codex\2026-06-23\shoppingpush\outputs\xiaohongshu_scene_rebuild_20260821\live_current\images\094_6a866429202ba20015a470e6\image_02.jpg,C:\Users\Administrator\Documents\Codex\2026-06-23\shoppingpush\outputs\xiaohongshu_scene_rebuild_20260821\live_current\images\094_6a866429202ba20015a470e6\image_05.jpg,
95,6a86646ccc27b9001578c2e8,蔡嘉,静静的岁月,蔡嘉-静静的岁月,LOCAL_SOURCE:095_row99_静静的岁月.jpeg|LOOKUP:蔡嘉-静静的岁月,EXISTING_PRODUCT:image_02.jpg,QA_PASS,原图与场景作品区域匹配并已生成透视校正裁片；逐项检查未见明确缺边、内容替换、装裱冲突或明显比例失真,EXISTING_PRODUCT:image_05.jpg,QA_PASS,原图与场景作品区域匹配并已生成透视校正裁片；逐项检查未见明确缺边、内容替换、装裱冲突或明显比例失真,QA_PASS,previews/qa_batches/P095_静静的岁月_QA.jpg,C:\Users\Administrator\Documents\Codex\2026-06-23\shoppingpush\outputs\xiaohongshu_scene_rebuild_20260821\source_excel\095_row99_静静的岁月.jpeg,C:\Users\Administrator\Documents\Codex\2026-06-23\shoppingpush\outputs\xiaohongshu_scene_rebuild_20260821\live_current\images\095_6a86646ccc27b9001578c2e8\image_02.jpg,C:\Users\Administrator\Documents\Codex\2026-06-23\shoppingpush\outputs\xiaohongshu_scene_rebuild_20260821\live_current\images\095_6a86646ccc27b9001578c2e8\image_05.jpg,
